id,name
V293806173,黃淑均
A230256504,蘇子揚
C166863557,朱裕仁
V277687847,吳怡潔
D146133059,王辰源
V105832350,黃麗茜
D272300537,林宜軒
A122438689,李青珠
W277875885,宋明珠
V268536668,李玫芷
Q250489566,王怡如
G253431092,徐淑真
W265772262,黃鳳蓁
V120108033,李育勇
O174204429,楊治育
Z221636433,蔡右綸
W113913053,饒雅琪
R188297684,王育任
W148145367,甯真宸
W163497611,金純啟
Y281089163,李雅雯
T228182237,吳柏筠
N151179172,陳國娥
P239506776,孫柏廷
R288567745,許佳瑩
D196000738,林為妍
N126768367,郭雅傑
F135943372,李建宏
G243203353,張惠彥
R283666181,唐富州
C145219808,彭政勳
D106077045,張嘉俊
I121235462,謝佩惠
Q248803814,林子軒
B298453193,王孝念
Y147967902,陳鈺辛
A169314120,周佳怡
S246803587,陳姵君
G197649072,張寧合
N208454746,劉佳琪
N105609096,吳淑娟
L249024733,吳宗隆
K189478071,李淑宣
G226279139,貢依憲
H253891080,蕭上妤
G249096469,張意婷
C243702606,陳國維
T225583009,郭惠雯
Q202087467,萬貴茹
K119139318,胡靜雯
U149734972,鐘呈宇
E232416217,於紀璇
I215507646,王台燕
B243125680,李晴淑
R233333066,林順元
Y206087236,王彥亞
Z206311891,盧巧士
Q250588082,吳美惠
Z218302133,陳育德
G221234498,羅耀中
V227136402,蔡倍盛
Y179990248,鄭函方
F248174427,郭雅心
X143974222,黃淑華
L227195644,楊興賢
Q183305171,陳志鴻
O283829525,蘇曉婷
K256874663,林婷婷
F118503249,曹曉靖
X241568595,吳翠合
G207435260,陳建瑋
G162455553,林彥桂
D117921830,張偉翔
N227465081,許鴻勳
M155571420,陳于婷
L253383754,鄭樂恭
P178728769,楊雅萱
G146919589,鄭凱天
X115792087,陳俊宏
B115124297,黃晴宇
A214893150,謝瑜來
R148380048,林阿寧
A143681528,謝培音
F279147889,張博鈞
D228977126,張彥宏
J245888767,王怡梅
B160686859,楊依婷
A180197290,林玉婷
F156488741,馬千惠
L240275350,高乃宸
B270108471,高怡均
S220941340,張彥安
N206932327,王威為
T259617149,林承翰
B186687436,蔣威德
Z239101725,吳禎年
D185462179,陳佐鳳
R212440075,劉佳霖
H187980923,李雅惠
V159368310,鄭詩涵
B230716480,荊怡伶
Q179132508,郭佐斌
L268010348,陳智雲
F101910074,張佳純
B231053811,何怡雯
G190285105,高乃宸
B108531497,吳瑋玲
H165313991,蔡宏儒
J118455465,林義民
N167421507,鄭凱勇
Y257867706,胡振宇
M276315200,譚定妃
N207907695,黃依婷
E234421770,黃璇珮
N157947969,蔣貞芸
R194105240,蔡雅愛
N245881556,錢先順
I132493783,蔡明禾
M125828729,周淑敏
N171849326,陳俊賢
K228283732,林佩君
O246343235,張哲慈
F277882901,蕭舒涵
O166160034,張博鈞
M169100493,李緯星
Z167298857,鄧博仁
R207742802,洪興行
L105930594,曾淑妹
O104742003,張博鈞
Z139354359,林佑易
K208541742,簡泰富
Z122151633,黃詠桂
I117783660,周佩君
E208458925,陳家昀
N200556314,施政哲
Q111297728,鄭貴書
R249548313,許智諭
O110049059,陳威萱
G226978155,孫思穎
N177869135,王韻婷
A232213098,劉紹元
T237290395,邱立儒
O208415250,陳淑紫
V200950444,袁立恩
Q170928955,陳盈俊
D252698483,吳宜雪
O191565672,胡美惠
C222613739,鄭惠偉
Q275190097,王沛函
W213526927,楊瑋屏
F149878655,連盈筠
D201663758,謝鈺蓉
A294973666,張大倩
K213770620,黃國維
J245735949,楊佩儒
G160327261,苗旺蘋
P156794723,童任謙
A267398880,吳鴻柔
H208117753,楊亭蓉
O298896234,馮美玲
T203759250,王孟智
H288822360,盧昇珊
J258471776,孫碧松
F193660449,劉均全
E202253766,林怡蓁
E150977766,倪嘉豪
L149502249,張毓原
M125447064,鐘呈宇
I154034993,吳佩仁
N105368894,王立裕
E164874536,張雅苓
K247620406,吳建輝
C161953896,陳長育
T293806966,張建志
X222983125,王佳純
J115084188,萬俊佑
V267019971,許聿珠
M120923416,陳威秀
W298328416,謝伯誠
O289954652,陳彥心
B262893416,賴怡安
J267733412,黃建宏
I201248143,趙俐然
T125713210,蔡君寶
Q199884441,劉惠茹
X236538674,張玉華
O102232611,郭禮陽
S251927030,陳柏群
U267384338,曹慶雯
W227334633,黃慧英
E142872038,吳孟璇
X186149385,劉有俐
M168256601,林佩妤
Z195629764,陳佳聖
M133070488,陳君豪
D111487464,徐美玉
Q103193382,郭宜靜
H163877107,林雅慧
D127833892,劉佳琪
P113153077,林怡君
A206376364,王妙群
J255285689,賴仁東
H166207009,錢孝娥
M121889011,陳真恒
Z270199114,湯友儒
L221768938,周雅嵐
W173811918,陳宜谷
B147003629,江睿柏
U276731381,林國桂
L237733281,洪學斌
K140007305,陳柏洋
R140331481,張博文
V176459552,李孟富
P153585740,李青珠
R282268618,瞿茹潔
S235471284,陳子芸
N173792517,陳威達
Y136760371,李方愛
M274694324,張智達
N150800454,李禹剛
W118614144,鄭貴書
A102442310,陳添心
G108510377,蔡珈松
S160781602,孫思穎
G237204755,黃仁玲
C207505763,華俊維
Z149217434,徐佳芳
N228271565,吳美昆
M230038024,林淑玲
T116201850,陳真恒
J209534179,洪小竹
D292824038,潘柏青
C243923258,王林君
M237109124,蔡雅凌
O169373444,許文念
V207417228,林詩裕
T107673213,郭青侑
M157321811,丁怡君
U114460969,葉光盈
B159465773,張家安
K105080213,杜青盛
G133172134,懷祐泰
D160895412,施益福
N281588190,王姿毓
K263663527,陳容海
J145330415,陳彥恬
N249562392,何旺寶
W244097675,李淑心
T293314310,蕭杰
A108561636,陳建智
D181818086,鄭淑娟
Y123092524,周佳純
X183276714,鄭凱音
Z180598083,陳健諭
P150776454,陳志豐
D159607853,魏右靖
S287923259,李忠谷
I264903210,林禮芳
A199562358,陳淑娟
N144148014,李雅慧
H118743227,黃聖裕
E158139973,李榮霖
J297856240,呂秉剛
N214312384,王艾璇
O122322625,陳行鳳
O122999822,林冠星
O260082015,童玄亞
Y256109974,陳宜恩
R226705856,王庭友
D135972120,吳盈原
B286154603,蔡淑芬
K264553851,吳珮宣
L223032673,陳夢勇
G102644310,陳順宇
E107217366,彭思賢
G149182762,張維源
M111456144,黃志岑
Q139605755,周廷順
E173469598,郭浩怡
I167151654,許雅婷
K156813051,金芃紋
E254292917,蔣柏勳
H295368988,施承翰
T130988765,李哲維
L191409166,葉秋燕
H111568235,周盛舜
Z114727892,郭昇宸
Z232875740,劉家劭
R278704843,江雅婷
P261367383,林佑易
E197735820,賴偉智
H188040768,林瑋友
V102415348,蔡珈緯
N132691037,羅孟倫
C169932031,鄧麗美
M200523485,張維文
V248810770,王郁婷
Z206080944,侯奇汝
E223906824,葉怡文
B136349936,彭羿一
E155394230,鐘恭雯
I280534288,林振廷
L187401465,吳盈原
W289735878,賴佩怡
W116404873,宓碧皓
J107210067,林宜真
D263364505,楊任星
H161920061,蔡宛真
Y154170375,金純啟
G126246576,丁書貴
K213048249,袁靜雯
H184178243,黎禮航
N285494911,杜佩蓉
D111879757,陳姿蓉
D153770179,林怡忠
G235318498,簡彥均
J140547090,趙其芷
X180647435,陳逸貴
D107822106,郭祖德
H271210896,郭雅萍
Y158607211,林慧義
R206693819,張佳欣
Y208798590,王台燕
G223983467,鄭佳慧
T261552635,林雅慧
S176463811,趙雅娟
I286623284,劉俊伯
D179474154,陳素湖
S280066108,王于真
X198243138,程俐夢
A198558494,張建志
C121996353,林義中
B166582289,林瑋友
Y155173227,吳文宏
P278687407,黃丹泉
B278097644,陳采倩
D232565045,蔡怡孜
Z125343937,林志弘
N290358182,陳建中
D213462501,袁琦發
J285431304,黎冠妍
C256390647,劉盈孝
Y267738454,黃瑜吟
S238436625,楊亭蓉
O298721198,陳玉鳳
T288881475,劉芳瑜
K132083417,姚玉鳳
T115569148,蔡明伶
H143719784,許家哲
S276047060,賁湘婷
T127162033,鄧哲彬
O163168841,趙敬紋
H106090391,陳與謙
V150061767,林曉菱
G106126760,儲皓啟
K161291094,夏守良
D135476276,王淑宜
V198658497,李千慧
T120167638,王枝育
Y139850032,王人恩
O141516030,邱惠君
C168043651,陳家瑋
A167365021,楊柔峰
S122496024,葉柏翔
E144074772,陳秀玲
K224839836,林奕菁
K283635145,胡靜雯
K151276147,陳慧友
L286488666,藍靜怡
B249010259,刁尹水
L155201486,張佩君
S169136809,林彥伶
W282514077,劉俊來
N226348456,苗惠如
V255261670,林俊榮
N194640572,王怡雅
G233668128,黃佳琪
E272730732,詹建德
B259941243,施宛杰
S220950090,吳嘉冰
F192913263,荊怡伶
H265263489,蔡光慧
E237079401,黃于俐
U184361284,王偉傑
O258593594,林振廷
P268245022,藍明輝
Q130608483,姚揚潔
X280801422,許怡臻
Z158465340,郭茹斌
I140605902,陳惟群
M180506217,陳致茜
E135176558,賴新函
B186185099,鄭旭哲
Z296548171,李容火
M228982973,陳彥心
E222591776,張欣潔
C251420140,陳逸中
Z177674387,林孟涵
E111324972,陳佳樺
A218199171,李晴淑
F111318564,李凱婷
V244396055,蔣紫映
Q151890776,林哲元
B299021079,林素劭
R262007404,苗旺蘋
D138853980,陳于倫
X151439287,丁佩珊
Z184161939,林怡安
V127043080,劉美珍
Q233596400,戴俊宏
Z175038061,楊青行
Q278688094,陳軒豪
E254852244,陳合樺
G165991609,孫中秋
W141761229,簡峻生
L194494130,楊怡婷
Q206448966,陳淑婷
Q180955160,李倩喜
G280492378,黃興羽
J166732286,陳怡君
Q225677638,楊舜文
Q106906318,陳盈麟
L154280867,林婷婷
C230892128,陳珮其
R261245820,黃豐堅
T134104103,李祖天
N148035394,李雅萍
X176070551,封家彬
N155232910,陳家豪
K114328539,謝昭月
U131458883,林昱惟
R253190316,劉建銘
O195791347,林忠源
U204369760,錢怡伶
E228909905,張曉玲
L147134789,蘇嘉鴻
Q201106016,謝明青
R211309404,劉晉心
X230290586,許宜欣
H190093699,陳姵君
R107043580,桂晏雲
O277849575,吳瑋玲
L169349097,趙瑋婷
F200136049,楊意皓
F190767727,陳亦育
F248829383,陳夙延
Z229908356,陳正宜
G152348238,張立燕
V250041472,袁嘉祥
C233006679,賴邦麟
E165090874,趙姿伶
Q117524395,林婉意
U136421635,陳珮士
N196967263,葉玉玲
B217498167,陳裕迪
Z254486809,曹安泉
B149159455,王祐奇
B201304672,蕭冰婷
C110200006,林雅惠
J107083515,黃奕翔
B166365288,陳淑慧
I275378545,王文東
Y220242177,張庭仲
X125690992,游允玲
F202848300,姚揚潔
Z257186404,吳大伸
D299892972,陳靜宜
C176098115,黃玉文
Z122781471,王茂斌
O288121122,滕皇帆
K235158735,周怡妹
B228510218,陳善軍
V152896080,林宜真
R166487899,高銘義
M214356965,黃峻仰
A221114235,林昌幸
N241900603,李雅玲
E132568492,周卓花
T201461800,連冠傑
G231829123,翁韻如
B243876646,楊嘉琪
L122254020,丁智偉
R231474395,張惠皓
M214997233,刁武文
S296145825,李薇雅
C121646929,郭傑娟
H113083020,吳家依
V266618078,顏翠昌
H242303435,陳俊逸
F226372367,蘇冰漢
X188955569,劉軒山
T293492846,楊詩婷
W299609063,王淑宜
X260723310,黃家弘
Z149380549,張博剛
G229799781,林佳康
N233577332,謝詩婷
D293202134,汪國瑋
I170562438,張淑惠
G217806502,林婕妤
N157996328,吳俊德
A187391901,陳雅芳
M183540551,楊威廷
F104024511,陳佩君
M164737221,楊佳善
P290533917,劉岱玫
H258177094,李宜南
O179997821,王郁婷
M113672244,吳志皓
K265766745,陳麗雯
Q133423508,李建杰
X298152983,林育東
N194462345,吳湖依
M296842584,張凱鈞
H265973275,蔡淑吟
A220024741,錢家銘
G159740632,許健銘
K235577365,吳睿韋
A236109004,田展瑋
S123762714,鄭上燕
U118381236,蔡佩美
O144429589,杜家銘
Y247477254,陳雅婷
J120482570,郭雨以
I280738973,李志豪
L117160002,陳淑敏
E167871573,王佳玲
U200029265,汪勝傑
M143732968,李勳松
I185805557,謝佳儀
S280153491,崔峻萍
O213746815,施美玉
T213770145,吳青育
G183844943,邱倍妤
C135678528,許雅婷
R160612076,張千慧
W290020440,李倩喜
G210286986,陳彥心
U157653726,黃美元
U175175083,張維文
W197048686,陳宜恩
I271149155,曾祥丹
W193672766,姜姿婷
C231570078,陳雅琪
K249554950,林姿伶
E221987410,方乃文
G255339046,鄧麗美
F177996748,游琪惟
B265575022,王懿火
Y109038653,李雅玲
K174057391,陳浩丞
B114554871,權卉依
A173833012,張智迪
Q156825591,林士孜
M143118431,杜青盛
N138311190,金瑞筠
J289667971,賴怡伶
M180258832,王偉傑
X125534024,蘇又芝
T221464174,黃士和
V257208984,李志宇
B148663478,陳志銘
M283557067,蔣崇愛
U151247386,張博鈞
W174067790,袁韋成
H140831765,李孟廷
D276199629,林珍孝
P128976957,趙立偉
I176359775,林揚富
H158828307,李尚定
C252160643,李柏翰
W104950726,陳予伸
Y254725694,謝啟樺
M106054192,許雅芬
Z273746099,梁治順
X204658307,林玲丹
P110159791,黃婉玲
O233668607,王惠雯
E111928863,陳素貞
R148844805,黃麗利
W212625396,蔡予辰
F163360105,邱書瑋
J201704080,杜淑君
A261354875,楊舒瑜
L257192759,申宜君
W297288717,翁佳霖
P287395707,左筱芸
M228371354,李欣怡
I143266176,林景達
B292335383,林君妤
T210397760,劉依婷
C268471504,張玉卿
Z115421700,楊文桓
W138431196,黃懿勇
A230758790,黃育華
H292033773,陳韻辰
J284231033,黃思明
J137374681,葉柏翔
O182733519,黃芳淳
F206179511,黃佳慧
K193834452,劉思穎
J136516363,蔡安東
L241094877,周劭雪
B118857935,戴佳慧
T121330653,楊右維
D283899483,吳勇卿
T298362370,陳則軍
E198038679,李雅芬
I108755096,楊意皓
D297305789,林育甫
I135233065,林幸屏
C152420464,蔡雅茹
Y149204766,韓秀珮
E185719432,李哲維
T153747682,張淑芬
Z167757735,黃展奇
V284132311,陳俞州
V229564280,許惠華
O238636678,姜益喬
L231991814,許智原
A182314468,蔡凱琳
I198797153,林芳梅
Y287345473,吳珮君
R129156942,謝羿陽
J276803927,張承夫
R299421698,王淑芬
V241818796,李怡君
R220517012,萬貴茹
J180013144,劉志杰
U104369946,黃俊瑋
Y198971398,宋俊賢
D209019190,陳佩忠
S245536425,吳俊宇
K175271582,蔡素貞
B170380275,陳妍玲
S111882514,劉惠婷
P126724295,陳麗娟
P126693937,梁士寧
T178562229,袁祐珮
Z213993769,富潔玉
I151686799,林俊玫
J289326715,朱幸啟
R112464635,黃佐宣
H137072261,陳彥月
P111335973,姚萱禾
Z255084381,方琬宣
T110901502,錢先順
R161009804,張芷亨
V163108313,吳人蓁
Y131835659,李俊順
K281349128,劉承翰
V275011792,鄭舒治
U161875481,衡秀利
D116237786,馮一儒
G251285805,袁靜雯
E111098673,鄭伊紹
C228784577,魏惠珊
J212330756,顏永勇
K102665956,黃詩汝
U271617368,張佳慧
A239619409,陳智雲
T235408488,祖明倫
E209242618,林水堯
A230094746,吳彥火
U184745566,潘凱啟
T286944880,蔡肇倫
F288643643,黃婉玲
Z192484594,陳志桂
M262469035,鄭芳貞
I217050739,吳孟山
U186560721,曾祥丹
X153941306,賴瑋婷
Z250387216,李侑亮
C121263322,張孟穎
R191549008,陳承恩
E119052731,張念桓
I157683569,何志強
X294032506,李明吟
C101959130,謝芷德
G125045440,張淑婷
H124106981,黃恆隆
W212156609,劉彥翔
Z257052994,胡志偉
W141537447,吳名屏
U261013125,楊永鳳
I205017439,謝俞伯
T294975979,王家希
R110798183,謝佳淳
Y243911059,劉俊淳
T280336580,陳佳音
M201899719,羅家弘
F258330357,蘇政茹
R221032643,陳宏佳
C144633297,劉有俐
M229685857,馬韋伶
I125835351,顏忠銘
N275135343,蘇韻如
W224794486,陳奎蓁
K223118347,劉芳瑜
O161286855,楊耿威
F292839102,洪玲軍
C169891624,羊鎮峰
V152022179,林冠音
P180877580,張蓉山
E230214822,張賢儒
S290304875,林昀奇
W258904905,王建娥
P105854403,蔡宗穎
H224533720,王聖祥
J144384839,謝進鴻
X170862680,蔡盈君
U200729699,黃威廷
E236673843,蘇京寶
A174683490,陳方欣
S175892078,吳淑惠
X102442505,王雯聖
F156402269,洪孟哲
Q143319851,劉育雨
L259354088,王雯聖
W279252219,楊耀添
X291253487,賴守白
B257526337,林凱琳
L101580007,高俊吉
D218172744,高銘義
H258984820,陳柏群
L274524184,張秀欣
D241988814,林枝桂
G143883484,毛怡婷
G182818609,葉光盈
Z131461357,李立娟
F160001109,林則紋
Q248756141,王百麟
M188430710,黃昕堯
A218822022,鄭瑋倫
F250778042,顏雅婷
G168475102,卞冠宇
D222690577,王秀玲
H267407176,施惠文
V257140790,靳樂年
V204320602,許紀宜
K160133931,韓筱婷
P231385471,盧漢玟
I134439250,林雅玲
C120839206,林志峰
J242737996,張石民
V268860589,陳金茜
L235323045,劉佳霖
G220444749,郭琇華
K174105847,劉佳儒
T127723714,黃秀冰
T218699805,陳紹儀
I208978822,鄧舜文
E169530931,陳崇帆
T247695357,許家忠
A107154968,陳威達
R145872487,黃耀明
F135120379,楊志峰
M149756382,曹峻嘉
N259425075,許政達
K194228501,鄭雅萍
O187915762,蕭婉婷
M235268862,唐怡萱
A249024207,劉佳慧
V111642415,張智強
F255734700,吳家依
Q159708784,陳添雄
W120091642,吳俊菱
X115385779,韓佳霖
Z128037123,陳秋萱
A122042647,黃雅玲
T272177666,黃牧文
W179848375,徐添全
I231404622,李雅雯
V283573738,廖銘睿
P168024727,梁佳穎
M139422495,黃國春
T160140282,吳佳玲
Z239244645,陳政儒
F158204850,劉鴻洋
B280376310,顧仁杰
D230650961,賴佳穎
P108718931,毛淑泉
I271009549,施展蓮
D181728201,施展蓮
L202026415,蔡凱琳
J206012550,黃慈邦
B243868395,蔡明強
A139796794,王雅婷
G113755897,王雅新
T280752011,蕭雅雯
F167192434,袁韋成
O132216214,程炳江
W189262056,張盈俊
Q103298382,盧意婷
G119185737,周立亮
C252503406,侯珍恩
W136871576,陳文瑞
H210292083,陳佩樺
G146884152,童玄亞
X230181788,李欣心
W237601598,陳思涵
Y185068328,王佳儒
A221725309,傅恒桓
O226398118,王竣睿
C160369194,劉育依
P247716482,王潔旭
C162925323,劉合菱
C159854244,林靜然
U229036155,王慧萍
P258284866,陳耀文
X152599399,王之幸
K238829160,富建成
A126212421,黃俊任
Q151313845,魏怡君
S213569981,陳國維
I297229256,張善秋
N120170274,陳雅琪
K250287559,潘玉芳
C285942422,賁湘婷
D272932137,李育勇
K180242100,黃淑喜
Y264593891,林正友
A257931837,詹明翰
Z146350647,朱裕仁
R150343304,楊秀芬
P186139883,張宗霖
U177990659,吳佳政
N155927156,王思菁
U219471955,袁韋成
F192499713,黃淑玲
O242149482,陳姿蓉
U123221783,陳彥白
S102691854,張智達
J231236808,黃政揚
B203999491,耿淑惠
D297617533,陳逸辰
K172068261,陳采倩
B192592760,李松州
Z254919312,張可財
P178982263,黃慧英
T229997563,翟詩雅
G114054700,梁建勳
O202541537,韓秀美
U236976968,陳有仲
F245780058,曹雅璇
W223738779,張琇恭
G164997858,賴曼伯
L116258558,吳蓉孝
L103521462,賴盈君
N158580566,駱志聿
B142220675,陳慧玲
P202477166,劉家恬
H121935819,毛育萱
A105805837,丁岱勇
Z128799379,陳立辰
V203695995,李建宏
X175022551,黃怡伶
S203649043,許耀中
B228881909,楊雅雯
C115222548,王秀玲
M123417577,王郁季
B299352060,李倫州
B182723468,甯真宸
D164011967,張士銘
K109096360,王百麟
O238051040,鄭芳貞
N287535022,周孟璇
T280011140,郭怡芬
W154864186,陳淑芳
K163083634,謝孟汝
V138524274,陳韋珊
O117654745,楊柔峰
Q153742719,李財仰
I145100411,謝家良
C247379247,王淑惠
Y210022976,謝俊宏
H184052888,解翠苓
X145661488,張凡毓
Y280601736,何木恩
S266925726,倪賢柏
M129150777,吳雅慧
E129676467,黃怡伶
M217801967,顧仁杰
A299753708,連萱孜
A266780062,連冠傑
B112515750,鄧冠良
I246488158,林富男
I141757558,陳佳芳
U235056396,阮怡禎
M222697171,蒯英樺
P283548015,張美娟
R255337559,李榮霖
O216484483,廖賢諭
V180619762,黃沛水
Q132277539,李佳宸
U118728220,陳慧哲
Q142672420,王淑君
M122653793,陳雅婷
M266854281,李俊男
G296959875,左詩婷
Q195301576,陳宗儒
T172011956,袁志豪
C216306081,朱怡孜
S190941330,李禹剛
R146014603,林佩佳
H262516063,黃慶聿
O117971563,陳建豪
S209688875,毛建偉
V218135835,勞惠娟
Y242627745,王茂漢
E158564832,謝孟汝
N119354488,鄧科昕
E125587290,謝依
H128218464,林瑞均
J214046828,馬曉薇
C187300304,王淑真
E255169677,陳志維
R110101297,張雅傑
J119227938,張恭康
E240205960,韓燕靖
I140272207,毛弘海
K259219351,林佐林
Y175233224,黃宥能
N233679813,劉鈺廷
B258567163,張千慧
P119839692,王智芳
N285390347,謝孟穎
F247045794,趙淑貞
I214045665,何博仁
F137035239,蔡孟珊
C259007274,許哲其
T156370021,張俊德
O221013567,黃靖龍
N140416913,劉冠以
S288001298,吳佩雨
X205997072,張陽文
E128788397,黎惠茹
Z175133767,李宜貞
Q103777128,郭宗翰
N296007611,許淑堅
R147100260,楊淑琬
X162049566,連怡伶
P162393787,倪剛瑤
H120461847,鄭南政
H252043704,梁奕禾
K195628425,韓仁寧
Y284465450,林雅萍
R176658168,張承夫
E215617550,葉怡文
S299198695,謝明孜
F146319720,蔡宜梅
V210748607,曾嘉慧
B266127879,左詩婷
O180043192,蔣姿穎
L261953242,姚于婷
O221325026,徐明妏
Z226622260,汪國瑋
S107615523,張憶維
W220139167,林彥儒
G120097266,王月福
B133397190,劉歡皓
E145788524,曾祥丹
O129863478,陳靜雯
R104156428,林忠江
F285663796,謝宗翰
E184150162,藍謙
R201864907,吳紫霖
T127635942,林君玲
W278212211,邱敬臻
D233778966,羅孟倫
K173915152,吳豪揚
T149648087,李仰添
D189478235,張俞盛
I211950132,黃怡文
R215584181,黃靖琪
G234629054,徐容菁
Y146740461,張偉成
Z159758693,李嬌以
T270952787,張怡靜
N172900926,韓憶娥
S137071682,吳姿伶
V207534617,翁韻如
I155485636,林于行
W249664667,吳雅嵐
U222579639,趙安琪
D114835364,張琬劭
B176196517,呂少珍
E112647027,陳家吟
Q236462312,彭崇旭
B261537286,陳崇帆
R108044741,許定昀
K234415848,陳竣宜
R136394587,李緯成
D259103898,鄭雅劭
W171251085,張士銘
T134038300,馮美玲
T179818819,郭哲宇
C153572645,鄭貴書
M109149910,邱惠君
Z198543903,劉均全
Q289315100,張宜靜
A265960235,鄭伊富
O237218130,林彥民
L290211995,陳慧友
J211808657,劉必娟
Y178408027,李勳松
G249881913,洪珮瑜
C222756328,陳峻豪
R122972859,王浩玄
U163212179,王忠洋
H257973994,黃千怡
O297099688,李勳聿
J102808165,李政勳
I105086174,謝家良
J135854051,楊家榮
H273130837,蔡易儀
Z142409863,林雅如
F288400997,倪百君
E279499681,郭駿竹
H208669458,蘇晉倫
I159164478,池嘉琪
A146348459,林冠宇
Q202101873,黃冠如
T188231053,屈祖蕙
Z152356440,楊瑋屏
H250622010,瞿茹潔
A122818187,王惠珊
S291029657,黃智定
W291760836,楊以嘉
Q119848932,蔡佳潔
C212104447,張雅竹
E135686611,陳宥利
P139002566,楊維倫
S147115173,林逸山
L289355806,楊其佐
E231414755,林白丞
R255060928,郭可欣
E145306559,陳曉幸
Q197145567,劉承翰
W114650519,趙宛傑
X251457938,杜亦原
C216419725,張淑敏
D138556897,陳芷達
H158458145,陳欣城
O173772660,方乃文
V169754579,趙雅娟
G115170785,方智翔
M161562517,林蓉昕
U217069028,幸建文
C149726984,劉俊來
C188839537,鄧冠良
A158135757,錢昱賢
Z278016872,周佳怡
V143341803,廖懿賢
O111504095,黃哲穎
Z182996701,賴韻如
O186817258,李雅桓
C228647604,王怡雅
F168442675,黃語丹
C258956134,施美玉
F155519185,蔡佳宏
P106672718,汪郁翔
B194227533,陳宏春
T203488050,黃雅慧
K160217076,林彥吟
L147277681,葉吟柏
D128562276,張侑珠
Y158690332,柳珮甄
M123657419,曾俊賢
V130993991,王凱翔
X193643558,許哲柏
Q267805810,蔡淑敏
W219883912,黃綠輝
O273531330,鄭志嘉
G163257202,李肇德
Q185258648,梁建勳
E149759814,何良瑞
D218929636,吳文志
T272221696,陳君妏
T298669356,陳宛韋
S130996480,王志羽
I178595340,邱方平
V264522551,駱筱龍
J147110055,鐘玉婷
O131223493,索玉梅
P204236716,李姿亞
D156422376,林書姍
C242832230,賴浩嬌
U297155952,陳台仲
R195135724,郭守全
A153926874,潘安枝
F187310250,葉秋治
G174619129,鐘炳妍
H152156026,張東玲
E250296884,蔡秀玲
G289691948,林雅玲
Y164419405,吳俊傑
I279084035,阮思月
Z103959057,黃佳儒
O255081266,金宗霖
K210943523,涂家昌
P100454207,黃玉全
T171475009,江鎮佩
Y208418275,徐美玉
G112883436,洪珮瑜
U164747108,林燕冰
Z116926973,吳文韋
T268280865,陳姿君
M205229786,黃怡文
H113950955,方月來
N172103294,賴舒綺
H236391803,林子軒
A118530992,簡之駿
P132567046,謝啟樺
J114655861,陳婉琦
W123252058,沈志豪
O257909703,李盈甄
H109677470,吳文婷
S208385446,彭美惠
H133236036,許珮雯
D297967645,林婉婷
U213330437,蔡初穎
W267868305,林俊喬
H160411321,吳淑婷
T290111764,李宗達
O295995703,彭美惠
I154935824,洪雅玲
J179389048,顏鈺婷
N105784049,宋靜怡
G132509771,吳大伸
O299541916,幸曉雯
X209117454,簡詩涵
A137137831,翁俊偉
P263994682,江玉婷
M136318725,許怡臻
E209368297,賴容佩
O253142499,鄭瑋倫
D274629133,張志愛
B240745206,駱誠綺
A213116323,陳佳心
C101315665,謝智珊
N264102865,李鎮花
N240878880,周佳穎
V117681818,李佳奇
I253870808,方翠劭
Z179052834,趙佳慧
H205370089,孫名宜
N240087914,吳政霖
K121926223,陳欣怡
N154933945,張曉玲
P170785977,楊軍妤
D252975592,侯育任
K250533350,陳建智
V268989454,陳原樂
Y179568479,張侑珠
M260977383,宋家賢
H240807118,侯漢恩
A168699704,黃守修
Z191907918,李慧孜
A154840088,王金琦
B182931479,陳品枝
B231549894,許俊達
G105780386,呂郁翔
T281924717,楊世傑
R277329328,周淳鑫
D240315960,鄧奕廷
Y112506142,周怡筠
C145430432,陳婉婷
A234849407,羅合富
T200422872,王卉冰
A220937145,陳俊月
Y283330690,李冠宏
G206458581,張佩珊
P259916492,陸怡如
F291898518,李家典
S246369240,陳則真
N210138266,李仰添
Z295935643,黃雅青
N294378573,衡偉妤
L222883256,陳昌蓉
S108261949,葉麗娟
Z245158007,陳愛元
U144932914,陳俊月
M110809445,李柏綸
I184990404,黃聿蕙
V132593793,黃冠萱
C199432160,劉文凱
T299343691,林佩珊
N205096724,郭正育
K265908430,鄭軒豪
K142250948,陳佳穎
I194257096,張宗翰
Y225283696,張凱姍
J204571565,陳育月
H174934104,吳欣穎
V272598970,王郁婷
Q167928209,林孟春
W225355410,陳志鴻
K261820391,李勳聿
M135603609,盧漢玟
V119698964,顧志瑋
O189041523,蔡倍盛
S244809447,沈怡靜
H208000691,王淑芬
C153205069,劉家劭
G253529275,陸欣怡
F111971543,黃儒胤
Z190769585,李思如
R207258878,鄭容宸
P264305572,黃郁婷
G171751451,周立亮
Z201003670,張瑋心
V259592327,阮冠伶
O286077345,周俊宇
H123690073,陳肇丞
X253942074,陳素貞
H153872645,汪雅婷
L213647377,張婷婷
K134175392,陳美芳
B219200110,陳安航
P226514264,謝宏惠
L191982571,張志靖
E247794595,潘淑玲
A167460558,陳柏峰
W151445296,陳俊霖
P166854236,黃婉婷
Q268268115,李恆慈
O278086241,吳慧嘉
X274123015,郭雅傑
G205445231,謝耿映
B213192771,蔡佳潔
A142129896,黃政元
W225070690,游軒亦
L219107121,陳慧君
Z125863514,張明茵
L286903720,張景霖
P267493364,陳威任
X210992892,葉堅男
E147291613,許曜宇
Z127857470,王之幸
S216252312,王佳純
K169107268,吳俊德
R100145447,傅淳法
T119880960,韓映真
M106852296,樊朝鈺
E272198912,林怡忠
F152202441,沈函瑤
A150430013,張雅東
J258101733,史慧玲
T154821570,許明憲
Q183374103,宋啟欣
X236755513,陳志銘
E157999733,高俊吉
O137901209,陳佳儒
G222551809,詹堯蘭
X223261762,連珍龍
B134495748,李宗志
G218403014,李玫芷
H127873194,周哲豪
E230042228,楊筱婷
I123036225,劉惠雯
Y184904512,方安聿
C228034778,顏語侑
Q113780566,吳冠中
O293750091,曹家慶
S122608462,盧志偉
S113377570,涂嘉慧
O190511796,侯志穎
C127880210,駱致遠
R271242171,胡健函
P296878031,陳芷以
N182290768,沈志豪
J161007626,黃佑瑜
K102482233,林亮辰
R205652725,趙珮如
G291713637,洪元治
L169549837,童玄亞
O257764348,葉俊賢
I234704549,夏瑩紫
X154854375,趙涵麟
H133170784,黃丹泉
C118519888,鄭貴書
J202445142,金佩璇
V141803444,李財仰
T196151475,張又全
M229905078,賴嘉祥
O192795110,郭靜如
H143634919,王致遠
Q135488007,白進辛
A154131922,陳家亦
N190776679,胡惟恭
K114133067,黃博松
W154010339,楊穎士
U161188885,吳怡婷
W285317829,鄭美珠
I136286542,陳佳霖
S132126299,馬旭添
V219232235,崔峻萍
Q188897692,張智迪
A287004889,陳曉幸
K208258877,張家良
Y253662983,楊哲瑋
S171764135,阮建緯
N124517595,謝芷德
U278762688,陳雅慧
P209718268,王台燕
X294376101,曾祥丹
V126351083,郭世傑
C201240709,穆俊良
W139233667,呂亞臻
R283917521,張瑋成
X106018014,王珮甄
X127078869,方鈞士
X122170279,駱筱龍
G202919878,黃薇花
O222517046,陳水秀
J297247536,彭郁翔
R287441582,杜石貞
U281897378,周珮瑜
V237704761,榮海德
B233662836,曾劭維
E279066726,王卓辛
K220617987,李振豪
W261312153,張盈俊
B149498233,趙彥宇
H191443924,賴佳穎
V204020385,張雅苓
P214454404,蔡佳妮
S119325249,黃建瑋
Y222248980,陳柏揚
P227027028,黃詠桂
K221725531,邱文彥
O257153603,阮廷妃
L184529359,廖士凱
C295624299,王胤寧
R117003338,李晴淑
T191192752,許沛亞
M224215702,陳嘉宏
V264186779,劉俊淳
W151266035,褚乃迪
L184724970,陳志銘
A226684572,楊靜宜
G250198750,林郁啟
W248217422,段建宇
K116974628,林俊嘉
I191616566,張秀欣
B253234070,陳夢勇
R167390288,陳怡如
X141230165,連冠傑
G136648573,姚家豪
V257559799,吳怡君
F224497192,方智翔
A224952139,施巧宇
B287198289,詹雅姍
J160357378,陳振豪
G119326103,蔡品佩
G114818955,李禹毓
N197346982,王信豪
A177520589,李孟富
R197507282,吳怡孜
R138016924,張德豪
U193866103,錢柏宇
L254056694,傅淳法
F195960906,黃俊賢
J163679479,張林志
O277176531,鄭彥智
Q229569833,楊佳善
J108098163,陳志銘
K234617682,楊瑞齊
Q172296241,吳俊宇
Q195416116,鄭貴書
V145498529,黃淑華
R268774146,李文欣
P104155947,鐘恭雯
B225028491,謝威任
F119330704,解淑正
K252978188,李淑娟
H146257683,張大倩
X230739239,張玄歡
V173663152,李晉盈
J258400679,莫秀慧
X264699173,周美玲
X127736991,蔡財昌
S278288489,李京秋
E271150543,王堅來
P261209984,王瑩惟
H255371161,許家忠
G134719828,林坤利
H268187324,張毓原
W131014722,吳怡潔
K145800833,張美華
U173585652,李容火
X225634129,孫燦禎
U190224710,萬鈺婷
G121807588,施鳳珠
K148147600,林淑毓
H133324031,賴舒綺
V209138257,何良瑞
M167585274,林竣傑
E160828074,劉佩如
H220107500,鄧偉誠
G106804652,陳碧茂
H199652514,王俊吉
Q277565172,張昇松
T211200195,許佳瑩
K298678803,陳愛元
M246858890,姚建宏
D108476902,彭崇旭
P143019766,張凡毓
V104943916,林宗穎
S103475452,鄒智凱
I129576068,陸有山
L275083502,吳玉航
C214228824,邱伶學
T118012771,詹意婷
W153682555,蔡淑芬
V160202449,黃其茂
P238298597,袁晏馨
G207754288,林志輝
S152003224,唐怡萱
R219031092,林靖雯
K171029895,陳安航
D161354367,林佳新
T267901178,林得筠
V197081787,李怡秀
L191773214,顧志瑋
V117668020,楊苡麟
Z141445669,王孝念
T216884628,彭政勳
P225363772,林依婷
D280948194,吳怡如
G140387789,賴守白
C287708106,林冠星
Q132427459,蔡惠雯
X280313525,蘇冠傑
X104977841,李政勳
Z159536768,蔡家榮
Q162974005,楊依婷
M108918742,洪嘉雄
K236067055,李益樺
T156855798,謝羿陽
M247197216,黃子容
A172802728,陳雅晴
G226480525,陳秀琴
H261958870,汪麗華
U129612117,黃鳳蓁
G217712809,張維倫
C255510645,徐秉惟
E284289786,陳志維
X114338338,陳志軒
V290895427,錢明昌
G110858168,劉萬妮
R201247059,賴家豪
O156424138,馬曉薇
B263996050,王信豪
T123910686,王怡伶
Q263602386,陳志鴻
K126962443,黃冠萱
C261436589,趙明憲
A132803018,徐美玉
S299720759,王台江
X153044526,曾淑娟
W197431412,陳姵珍
Q230993103,李志怡
O222886466,林初財
U141056677,林瑞均
H194886412,李靜怡
G215459783,王念育
K177641573,林思妤
W168958691,黃瑜吟
L115033664,林志峰
J202679577,陳盛柏
X154617461,林治蕙
H264468104,郭怡禎
C196469067,施鳳珠
Y147355939,陳育意
A170183524,李雅雯
F279110711,倪淑娟
K216812303,楊耀中
U228618199,張維源
I209051606,馮禹昕
L135204196,賴雅婷
F122035272,陳婉孝
I181799156,陳玉華
N174262385,何博仁
H253289428,陳志銘
N112631848,陳玉茂
I291028031,金芃紋
D183333095,王堅來
N160670655,林曉麟
Q196372275,洪逸清
X178507006,孫柏廷
L176997325,林欣希
C143767374,楊秀美
L213715567,吳建東
U255648658,李慈禾
D108316956,陳俊宏
K269333153,蔡旭坤
E105271031,王建緯
B213826816,陳景恭
T222979021,史鈺雄
F249073689,黃惠信
S232959156,王筱婷
N275184284,朱華修
N299581196,吳為鳳
T285591625,陳明岑
U168649336,郭祖德
H274838761,許啟佳
E204223784,李于倫
L175854689,王惠文
E283839675,王廷柏
C256016904,張維哲
R167985778,黃志宏
D211625180,陳婷婷
F152323310,黃欣儀
S283194305,林嘉恬
Y254471379,邱念心
G140308911,藍靜怡
H122732965,楊亭蓉
H266111500,王馨書
V286273600,黃惠伸
P117247338,李昌康
J270259578,蔡明雨
K274074143,江炳育
B207864435,黃馨迪
S288633183,黃冠苓
J213439329,吳志明
U153397763,何怡芳
R262908577,詹雅斌
C199469158,魏于韋
T230375886,黎中睿
E239462351,毛岱沛
P205858243,王筱瑜
Q167392987,許思賢
U288580321,劉樂季
D170322248,馮碧天
T287576108,顏忠銘
H203751353,賴家瑜
F228278120,劉雯芃
S243406282,彭興良
J175564983,賴慧玲
C238676939,張怡靜
Q165742569,朱怡婷
C145495219,周廷順
Y133999674,陳筱婷
O204397359,王奇銘
A190374870,蘇韻如
T290587464,蔣淳胤
W126385116,謝孟穎
V240194564,宮盈甄
R213678242,涂于真
T206807842,楊軍妤
W281874887,衡建良
F103912718,劉佳慧
J239807434,蔡佳宸
U219162040,李益樺
S173879826,韓佳霖
V101140155,童嘉吟
G251712432,黎中睿
D119190717,柯怡如
U220035787,黃懿勇
D207756841,陳麗凌
K180572096,劉憶友
O102188985,潘鳳珠
S299654072,游歡琪
W210237638,麻佳玲
I256046984,倪翔穎
V259707686,陳昌蓉
I214161735,陳韻辰
E125791221,解翠苓
B198645224,蔡修育
G184451808,張建智
Q122316056,張偉倫
V118388601,林曉麟
D288659185,柯彥霖
H251116771,潘彥均
G267730820,陶怡廷
R291705295,孫文傑
S259914857,王家綺
K175044852,劉冠以
S152402781,張美勇
T241400863,林奕坤
Y279925467,白毓坤
R188393449,張志靖
Y154442349,郭新銘
T236237670,李宗志
H144512225,陳柏洋
U239533625,倪凱元
D109926312,郁郁雯
W242734031,韓秀琴
T162838767,黃懿勇
L206347906,洪佳慧
C129285704,陳俊月
Z146622844,黃珮元
G110741426,張麗君
O103156147,馮堯歡
S288400817,劉家恬
H169226186,楊雅城
Z243517599,謝佩偉
P293573977,魏容宏
K196769443,許紋裕
N219374277,陳志銘
A284419940,蘇曉婷
G268472069,吳勇卿
Z287387446,林忠江
E124908946,張佩君
L252880923,陳建法
K156132435,李志偉
A279170856,蔡素貞
R287394453,王郁翔
T276419745,柳燕中
Y127020800,楊皇芸
P127049399,陳惠珊
C298120501,王芳瑜
K270488623,張博剛
S144372925,蔡曉尹
V194428126,洪馨儀
Z113805959,劉鈺廷
A222772400,林惠玲
S213071075,張儒駿
H148969364,閔士哲
J147032243,林佳穎
B134124520,楊凱文
V112771504,袁雅君
O189145259,曹語旭
H199202827,許財蓉
T267041462,蔡明雨
Y137174084,黃佳慧
B216119498,黃冠勳
C196854673,黃怡燕
Y257739823,鄭姵君
E144345892,湯友儒
I268347316,張凱婷
J146732388,王雲毓
O137828161,吳翰恬
O224668617,吳泰蕙
C289971714,葛慈宜
U203481114,涂佳蓉
V165475853,封怡靜
F142789548,趙詩婷
M179907262,潘以愛
C238623858,林彥揚
K265027761,林育舜
O128273443,林雅玲
B234834327,吳炳盛
S278599987,趙明憲
A169462498,陳順宇
N266983948,潘玉芳
Q240183235,顏雅婷
Y289998436,榮海德
Q138220721,蘇庭瑋
G267930142,張家吉
V229165214,郭青侑
Q157299059,謝文馨
F295940317,吳淑玲
T292789224,李思中
F246046162,黃國瑋
F144762134,溫佳欣
F155016385,鄭恭松
A177063463,林韋奇
F183522610,陳彥琦
X108651893,林芃淳
L148417607,劉家慈
G237793613,李大學
L135541167,黃漢馨
H108702956,蔡家榮
H236887162,李寧毓
R267494158,許育昌
T257966185,王筱菁
A244027477,陳怡如
O261454257,懷祐泰
U261532876,陳婉虹
D161283685,巫奕君
E266297119,王筱婷
B153635262,涂宏儒
K174845686,陳巧綸
R104155029,汪虹佳
R121974448,鄭雅玲
D187371215,洪玉婷
M169975490,李佳儒
I178372990,陳易文
L127990110,黃怡均
I185900379,蔣威德
W248301116,黃峻仰
O183181582,孫文傑
E158989008,陳美惠
J278311977,麻佳玲
O187582567,洪偉倫
C115623036,米憶鴻
G211810306,繆之善
Z155595332,趙哲嘉
K193493906,陳育月
B184966167,彭宜婷
L242944965,林哲元
C266411304,陳家妃
V161916611,孫瑋玲
D137420807,林寶仁
C196773860,陳芷以
D270972017,謝旻斌
N162297225,黃彥均
D214632847,郭合忠
U235950657,徐佩珊
Z217883022,呂郁翔
Y191471180,林韋奇
N220527588,陳志鴻
V235929895,陳南軒
F181189108,鄭上燕
Q221589708,趙秀劭
J219744070,劉香喬
L114178388,盧若蓮
K132545814,耿欣怡
P118554065,王筱育
B229653883,芮雅慧
D155567161,王台江
G163654309,林哲瑋
Z195201275,李嘉豪
P170908961,盧志偉
R260758766,劉怡仲
R230839883,袁立恩
D115035028,封家彬
I125719889,吳芸忠
H165411161,瞿傑湖
C181059684,張雅文
L212046803,李怡君
I135218700,謝佩聖
L240655545,林宗秋
K293926975,黃上恬
B241630973,王國維
A121594624,楊興賢
H238604652,沈怡君
N146556916,杜紹瑤
S184140514,陳文侑
M128764955,許寶雲
Y277313647,謝雅君
C264335712,許雅珊
Y206631565,吳曉薇
V244287659,王明學
O263988710,顧志瑋
L195076654,伍建德
V238687090,蔡怡如
A207720697,吳思妤
N168650084,簡詩涵
E162224510,汪勝傑
M256860464,賴舒綺
R120309401,黃淑芳
Z124567424,許家忠
P188077822,宋志鴻
J287190397,詹筱婷
O199796731,陳宗霖
E204621075,吳志以
V269010609,黃瑞蘋
C187428594,李佳星
T133155044,朱淑梅
S245319371,李青珠
Y265161704,王淑真
I115968432,蕭彥博
E278381975,馬旭添
C256934845,吳育維
Y166418880,張正瑄
Q114313434,柯政峰
G256502507,謝文柏
Z288730343,劉萬妮
S206419341,劉俊侑
O267696688,戴豐富
C215091830,李淑惠
C282165576,米恩芳
A270071585,賴曼伯
C116631863,馬曉薇
X196425338,曾文華
W141360857,王玉瑞
G133742832,林彥霖
B125881110,許俊達
W122936215,曾俊賢
E218079258,林佳蓉
L189319353,劉文欣
I231680177,張政盛
U188744038,倪凱元
G182649079,楊俊泰
K207753604,劉祐瑜
F147437763,鄧璇秀
H175170953,倪志祥
E117300814,李冠伶
C238801503,黃薇花
J208067731,林淑珊
F226584214,楊耀中
V109452652,林志弘
T266701843,張智強
N295570455,郭佳宏
O103695381,周映勳
D122355446,宋任霞
Q295629820,徐淑真
C292382703,詹雅斌
Y277862261,孫怡如
N287805485,藍明輝
A248708428,陳宜谷
Z265980318,駱惠珠
K161006577,陳彥亦
D266928752,施展蓮
P122322133,吳育維
C283803539,李嘉豪
U286050786,陳麗娟
T256683310,林依婷
F224503042,周泰旺
W165925538,富潔玉
L204396545,王佳純
T172687218,彭竣富
T196347533,王偉傑
V171527484,黃綠輝
I240445926,童翊瑋
C230942374,許珮君
T203741972,黃怡如
X206241935,楊昌蕙
N295514591,徐容菁
U242787717,李盈甄
M130361991,鄭怡岑
X243534220,陳賢泰
E272942830,許京柔
U137967809,廖士凱
A212769197,黃綠輝
D257849211,林怡吉
S162771766,郭禮陽
D196596533,王于真
A263080136,盧冠宇
W103657744,陳翊典
F124353111,孫芷尹
C106353263,黃雅琪
L280725053,洪嘉雄
H102088439,傅正偉
D131587358,郭欣怡
S201838882,顏紀宣
U180801616,鐘怡雯
F280434008,韓家欣
R175774261,洪元治
W163825302,張佩芬
B113273948,黃仁盛
B231850052,楊淑紹
X159444020,張文月
K245502870,林敏帆
Z252601237,邱敬臻
C237779075,陳秀秀
K260954996,楊柏青
Q207559806,金宇軒
C137088175,曹雅璇
Y111704368,李淑娟
Y103100918,陳俊瑋
Z253175825,林韋奇
Y291583187,林佳東
Z121690980,黃玉華
T153938889,陳振豪
W237379797,吳晏丹
B155836114,曹鎮如
Y171704357,張天信
C171970283,蔡財昌
Q159822172,邱彥宇
V171945802,陳恭恆
I268544557,黃昱欣
M203693993,方乃文
D256683415,劉雅婷
Q168469978,黃鈺娥
X195608271,陳守穎
R238824606,黃翰君
V288942804,陳羽雨
H241549955,蘇韻如
X257483683,郭靜如
M205889602,陳雅雯
R148729858,許健銘
W149578422,蕭慧珊
E181200227,程俐夢
X245291433,彭邦玟
E194948683,張明義
Q280843630,勞毅富
C116275865,孫柏廷
H137336895,閻牧齊
L233913578,楊佩儒
Y292158482,金宏偉
Z222083025,陳靜希
U244623663,李建民
G129853091,黃堅群
D141617372,吳翠合
X215499529,徐聖哲
M242722737,陳麗珠
L265821312,蔡培倫
U101256166,王燦舜
C293024586,王依法
I277130696,陳與謙
F123626866,蔡肇倫
S273009693,陳雅惠
E284829753,胡怡君
J107927496,陳思涵
W286302279,高美娟
Z168099652,林枝侑
K176947398,何千中
M211970418,謝祐誠
V116972936,周盛舜
X175532981,張俞盛
W296025976,張真仲
H297974242,劉淑云
I230164245,陳智翔
O235255251,陳美惠
T141493222,李京秋
O290677531,鄭承軍
R266887766,吳宗隆
L181207383,王育德
H178544222,蔡俊吉
F163101240,李倩喜
A294154492,鄭佳慧
G137722621,柳燕中
I281095048,林建淳
Q192879915,陳惠雯
R131978510,藍淑芷
G148515230,駱怡伶
I212929337,李怡政
S184304625,林妍純
O146698386,張冠宇
N285609592,黃俊宏
Q196617564,宋家賢
T251543973,金佩君
F287338330,林韋志
F239141965,別則堅
I145784300,王雅婷
V295199117,趙安琪
L162473483,許于定
B110844598,張郁婷
Q275355954,陳秀玲
Z140351060,陳俊映
U267917079,陳冠映
D177096116,鄭萱鑫
Q111137736,宋雅婷
C195695830,林舒寶
X175757979,童玄亞
D125028642,張成一
C285293737,倪偉智
I102671822,陳信玟
P130080420,侯光宇
M237673414,邱彥宇
G195702496,陳志海
A135503613,劉育廷
E139423414,王與光
O130779852,蕭心茹
W238243296,陳羽雨
H283625398,陳伯能
M109818661,張廖筱雯
B120114203,李婉星
O131312440,蔡世迪
B225528076,陳柏峰
M153849372,懷志文
Y109919653,李火書
D199429806,侯雅娟
E296074268,張志文
L147894815,陳雅婷
K283560447,劉芳瑜
F253508444,黃威廷
B285189344,林宜真
C286434625,劉雅宜
U266415398,林筠東
N298996915,吳大伸
U212687464,金欣怡
T227267179,梁盈旺
R239842288,張凡毓
V183557241,吳雅友
T112075443,寇麗雯
E178557904,林郁文
H212482665,姜雪丞
T284696649,詹淑惠
C288198542,張亦琦
O211426838,王淑惠
E234745015,黃翰君
W120643735,黃筱郁
N152773932,黃莉法
Q229568443,宋俊廷
F175457355,楊佩柏
O244451252,黃美亦
S179366140,柳幼湖
N237178237,林鈺婷
M299992901,汪鎮宇
E135058948,涂喜樂
R180103014,池怡萱
F221311462,郭孟吉
Q213892581,曹文賢
T252605856,柯宇軒
M231331391,陳盈麟
P137064326,曾喜甫
Q217622825,余昌侑
S185243756,黃竣傑
N116463104,施惠文
Q295819048,蕭雅雯
Q157361167,黃寶山
Z207047541,黎文勳
X183537454,許玟君
R258104203,林子豪
F197168339,林旭丹
S121042559,李宜琳
Y143157562,黃子玉
V280538871,陳明哲
G262059955,李淑芳
R270971011,張朝育
L112167029,鄧瑜清
K248189708,沈瑞福
F215554228,許雅一
Y126468226,蘇子揚
W133276373,杜堯輝
M170669547,陳欣城
L195049568,侯雅娟
A252117971,吳怡海
N154184148,黃志嘉
R165185805,賴佳慧
O198297417,劉芳瑜
A136759557,李鈞美
K186753282,張彥安
Z148537946,蔡佳宏
T161008372,張淑元
R265898023,蔡婉婷
U183480771,吳俊傑
Z261342714,林曉俊
J282125292,劉倍和
H290077946,張靖綸
A261959067,黃玉美
K176243975,彭雅婷
H125897632,王偉傑
C264660587,陳泰易
A182619011,方惠珠
K167593640,邱逸凡
J241672496,朱幸啟
X120289711,陳婉君
B140034797,林于行
V201929863,吳欣淑
Q290548133,彭邦玟
S275978235,蕭志成
X243164362,黎克達
B278485653,黃雅青
U288239570,胡婉菁
L268429614,許克彬
U161005309,盧初書
T207667913,吳珮昆
C210723015,楊歡玟
N197589638,劉建銘
S211550199,楊世傑
D227463721,汪肇為
B120476771,劉俊宏
F176128915,蘇京寶
W239000571,林祐誠
C184379094,吳世偉
F250439102,張琳佐
G199981760,邱方平
G269040347,陳佳慧
T165506351,林俊偉
C254038055,蘇曉婷
X269766393,涂俊良
O202767166,陳金昀
O242730410,桑百茹
K124824584,林忠江
Q111150319,黃士嘉
B295881051,陳欣雪
O171775547,李宜瑄
P270520076,陳雅婷
H165069336,蔡良豐
Z271601917,楊歡玟
H253867860,陳俊緯
M107233580,張淑惠
V129781163,鄭函方
H294446787,王信富
C157657176,張佳霖
B267784298,劉彥霖
D128522781,林宇翔
P262202961,謝智珊
Z280893996,楊意友
W210259107,黃聖妹
I175790781,許美玲
R162946422,吳泰蕙
S260638608,張家良
N277528417,洪元治
Z197911774,黃仁冰
O154747245,劉雯芃
W292733806,李雅宜
B282195260,鄭函方
U260853796,王乃聖
J162533787,黃興南
B226531273,林玉正
J274013381,林姿泰
I235126576,楊耀中
N132279639,梁柏輝
K218766939,洪玲軍
P182418623,王姿達
Q196619602,王剛雨
U279920979,吳盈原
C223856621,王蕙彬
C158332776,魏紹禾
D232747930,杜亦原
Z125155295,陳宗翰
W162286552,戚穎真
V174360025,林盈星
L279240450,宋明珠
I214470113,毛美慧
U207473761,陳淑婷
H162246340,李敬容
N100938636,何良瑞
E197366816,許惠華
H141441292,張天芸
N289529871,高柏鈞
H208651125,趙涵麟
K299855331,陳明岑
W158015054,李雅慧
V205745498,袁珮君
P186646909,方向鳳
W234872344,張奕辰
N163367379,陳岱俐
V158206348,黃惠雯
C186275213,洪家豪
L161371613,蔣貞芸
Q299111203,林科隆
Y140962856,李冠伶
E269924926,蔡常福
L250715549,倪凱元
Q208980985,林郁文
N231910633,柯承翰
R295771259,陳韋娟
E169296167,宋冠宏
A228705592,廖嘉豪
H165118389,蔡致月
L242520572,童于婷
A165116968,林誠法
U172749983,楊心怡
Q247570987,吳俊傑
X117425801,陳俊毅
Q287216015,陳雅晴
K195442247,劉岱玫
O136864421,袁珮君
Z251003791,顏典昌
D123003736,張盈甄
V225589192,陳明茜
Y221130318,溫孟哲
I264579741,王淑娟
J156310205,曹安泉
A126845555,蔡伯利
K116600570,陳文君
N145391591,袁靜雯
G187514339,曾建志
H264359575,陳淑珍
F153861686,陳姵君
D276810356,楊亭蓉
R111178407,盛奎恩
T198807587,鄭文雲
N299898678,郭駿竹
M157723146,林彥良
F295248881,柯必樺
L274310091,黃玉美
K194909752,劉建銘
Y289874413,蔡佳潔
B267390732,周博駿
K230505930,蔡佳妤
G156079752,林長書
F162749595,張怡慧
I211382447,林昭恒
U168053689,金佩蓉
P297509400,王雅婷
O207984309,黃孟勳
Y121523544,王永禾
W276451176,楊雅發
L279590660,詹珊夫
T256216417,楊昱宏
X269572917,李盈甄
D138707143,張上瑞
Q297303749,謝偉翔
Z233320539,郭怡芬
V174416531,陳宗霖
U265335300,黃仁玲
Y154965678,盧昇珊
Y158192993,吳淑玲
M114274377,謝宏惠
Q222507031,袁至合
Q216443642,潘佳韻
I229378751,黃韻如
X128952211,周佳穎
G157796636,陳彥齊
Q192870412,史鈺雄
P140432892,袁珮君
U197689988,陳俊毅
J193384581,楊江銘
N232383229,許明憲
W219591768,邱宗達
J102777683,孫崇賢
B133617062,游歡琪
L255606241,王佳玲
B265360727,周介盛
V291102761,李智凱
Y230435746,曾聖凱
A261634529,金哲豪
G258455145,梁佳穎
E218038953,鄭凱音
I297516647,毛家豪
E157755535,楊淑俐
H239653757,蔡培倫
B212437520,賴家瑜
K161978550,黃文珠
J173236173,鄧紀源
Z187904598,劉雅瑄
V216660602,唐韻如
U190056874,封家彬
T136092393,謝依
T120555398,陳虹汝
P279284295,周盛舜
Z148309102,白岱玫
V221975781,黃雅琪
Y117049491,謝瑞林
H231654761,李淑娟
Y249723535,鄭詩涵
C139537797,陳佳儀
R240385561,林欣希
O216819860,施凱翔
W298521668,陳鴻雲
Q251705667,王文凱
V297091436,林昀奇
J130004891,王嘉月
T117585079,施彥廷
G134884151,林政宏
X247591892,王育任
A207808838,楊家桂
S202716616,金宜欣
K200755431,陳子雲
M180414938,林君玲
J174414297,張靜怡
N282160221,陳伶剛
Z285129099,鄧誠行
U221923142,陳盛柏
M125911345,吳美昆
L253184108,彭雅琪
S157808783,霍純蕙
K191032138,吳大盈
D104591220,周佩君
D138280352,貝盛堯
A238172194,白允菱
O218171998,劉淑云
G185338859,陳仁鳳
A289366793,謝詩綠
R215552723,陳欣城
O179447255,張怡婷
K237369816,趙志豪
O221688055,黃志偉
L136640169,何旺寶
B156103712,張惠玲
O210730324,陳俊良
L252376004,張柔康
R140084996,曾聖凱
F241143175,曹雅璇
E272998476,陳淑玲
C143391316,李貞侑
I113100432,黃慈帆
E126767621,童秉恬
O198442912,張淑珍
O247559602,張志靖
S141910745,謝伯誠
B225730530,李歡龍
A113204675,王啟姍
U293901412,李志銘
J165973247,楊淑筠
Y176702577,張雅芬
E122307290,王立裕
X232463667,趙哲豪
W263491004,王致遠
J263162328,彭雅婷
V221807493,林彥伶
W132786227,孫怡君
V130132827,蔡雅伸
C104378940,吳建宏
X104439999,楊采利
Y232427608,李明吟
Z251457628,趙慧珊
U191018092,李建緯
J108575763,林彥真
J163488754,林雅琳
J164321123,吳明雨
X102792064,黎浩綸
G293681763,謝欣政
O275046487,張彥宏
M121362426,林凱琳
U246058208,黃鈺其
J254428064,馬旭添
P158044780,林子軒
S255811033,楊玉婷
M109754199,李鈞美
H264702941,林佳純
B284781924,廖銘睿
K210562199,呂亞臻
M223391865,金純啟
S181084297,童偉軍
Z238530428,蔡宥茂
X103835077,黃嘉玲
N191970046,袁伯智
V220565076,吳愛燕
P281724035,李姿君
T167407879,李敏政
Z240460486,陳雅晴
F279489499,涂俊良
J223661468,毛宜君
W286416456,闕乃容
P222165363,陳竣傑
K132587812,喬美娟
S282375262,吳怡萍
U227345580,李人豪
G162659882,蔡雅茹
O135975998,吳雅友
G136394365,蔡怡婷
F186973806,林于行
I236492855,謝佩聖
B185287898,邱竹堯
A212362036,楊怡君
J227355201,廖珮谷
C282349447,張智強
E194430355,邱立儒
M207373616,陳武希
F239737943,吳美羽
Y222223554,林宛萍
N276738437,蔡怡婷
P142893339,許家忠
F207824917,張誠卉
B235766042,鄭倩博
R294618299,林敏帆
O115012187,王怡廷
A250698446,陳惠文
P117063252,潘安枝
W237875409,陳彥姍
V168114571,陳建豪
Z105826211,陳景勳
J265787716,陳勝傑
Z185086275,吳岱偉
A106500920,李柏翰
U242281050,閔士哲
R194781106,懷志文
K259129905,陳雅婷
V226848565,夏益孜
D203408531,翁碧雪
A253130049,林行銘
A105946440,黃聖裕
T242264647,翁逸群
Z281790592,張志芝
J168917303,王淑惠
Z270656392,高孟璇
K107555231,黃季富
O146138214,丁苑旭
G258815365,黃彥天
J222701276,張大銘
S213541607,劉思穎
N101627418,蔡旻邦
U159091091,阮柏翔
M195219678,林建文
C298464286,袁雅婷
V230916674,葉怡君
H286686179,夏石憲
R113054204,張淑婷
H237477786,錢明輝
E218865656,顏智文
B149813007,賴佳琳
Q143287630,蔡宗宣
Z232989516,李佳其
N203440868,李怡君
R280687795,劉俊伯
R236976189,胡詩婷
T133694019,金宏偉
Y257876689,蔡婉婷
S157046845,謝佳儀
B115506495,吳文福
O107336703,錢先順
I298844239,金欣怡
C146984297,陳佳慧
G120514888,吳佩峰
H170562540,吳建宏
H226552349,陳佩岳
I295938958,金冠中
P170333811,張家良
N259922266,楊瑋屏
M206535952,鄭凱音
W213846791,黃真幸
V118453658,吳文裕
Y255006394,郭雅萍
G258552425,方鈞士
G251720907,顏詩婷
H293705563,陳金昀
F123605072,郭金芷
C190882431,李麗芬
E196376676,李容火
K255497340,林亭生
S168189995,林政啟
Y231565538,楊志勇
O141894468,盧士旺
K237157370,洪駿亞
C290626195,苗怡為
L235499759,施麗玲
C116840764,楊怡欣
D279168108,宋寶豐
Q218413240,蔡富玉
T112755839,王馨書
Z182231321,蔡秀睿
D111235577,唐富州
J238925148,陳怡君
G171971766,顧仁杰
F162734281,王馨書
K186669187,蔡秋萍
Y130427920,李佩雨
H202707824,錢博仁
B263183624,郭佳宏
X142195156,徐儒駿
P124495602,林筠東
A259323977,林國修
R250168992,陳宗翰
A183604792,李彥合
N203319582,吳欣怡
O239120955,藍佩樺
P260203362,黃興羽
X151695687,黃麗茜
P151998892,洪宇香
A167113787,蔡佳杰
I208615937,張偉成
L293949325,李祖天
T184437059,張惠玲
T220604736,羅郁雯
S218068729,高堅苓
B271320300,楊威廷
H219355296,林雪法
Z223120867,黃隆年
I258116765,黃勇志
Z278155801,黃士瑋
H216558320,詹志豪
V171603998,鄧凡睿
A274184289,劉家銘
H213415720,吳于珊
W176648613,陳彥心
R198024693,王晏添
H132606909,賴韋志
U286142207,諸彥秋
N164966492,陳韻斌
K103389553,潘靜怡
T292761128,錢百典
B206433427,黃守修
V277806057,羅合富
M265944071,謝明哲
L240008411,黃馨城
E248110600,柴辰信
X118134014,林瑞均
C248733996,陳建輝
G260091731,張大銘
M198253565,林婕妤
H295981516,王嘉月
I101023993,吳定婷
S105104090,唐俊宏
H234955443,徐淳青
O281050602,吳振瑋
U126140865,黃冠萱
N270607308,林俊榮
S215581010,黃佩樺
F178478187,楊智毓
R138093118,柯淑娟
U214109178,趙鎮雨
V207040834,涂凡添
F193377449,王智芳
W132272488,吳凱治
Z191463117,張秀欣
T250906547,吳承傑
C115805065,賴俊生
M273638019,郭文傑
K220983771,蔡政妃
C189886432,曾喜甫
X116399099,唐富州
N205959440,韓貞儀
C293217929,劉淑如
K115252285,林怡忠
E279125720,陳俊彬
Z122060235,蔣雅萍
R132970750,劉芳瑜
Z239047753,駱怡伶
Q212668250,林怡裕
C210180501,黃政元
B294046530,尹惠婷
E206312695,林雅惠
A223223924,郭琇華
Z140357240,蔡易儀
D236799841,李宗誠
V198610513,陳羽雨
Z162566369,張天信
R239385144,陳婉婷
P131477712,魏右靖
O135780784,藍靜怡
O290477326,鄧博仁
D165284311,韓聖傑
A297743428,顏語侑
H105695712,林明倫
W107335007,黃以文
F297564735,黃佳儒
N240681912,黃姿玉
O200797782,經仰依
K118828450,劉韋桓
C241882601,袁雅玲
N219923841,張意婷
X238218933,周博駿
Y253958386,林可欣
C296731775,楊揚沛
H177950888,楊與薇
K247339400,駱怡伶
L275701265,陳琪學
R255950641,楊穎坤
L263506072,劉忠翰
P205683415,陳予伸
Q202322096,施巧宇
L192572060,張月緯
E105615819,林枝侑
Q154809286,吳文福
R250354818,鄭左航
A170517477,蔡柔偉
K266121786,許雅紹
I232621485,黃依潔
U256224474,李哲維
S161322956,楊文星
Q268690662,蔡孟喬
F216050701,謝宗翰
C217611803,林惠雯
Z109447627,柯承翰
N284819432,林孟宣
T235676673,陳佩儒
D241991339,陳君妏
Y177679835,顏淑真
T184581409,張維文
I181028992,李政宏
A117137442,金品綠
J185186679,盧柏宇
G156232857,王玉鳳
J255716849,溫宗翰
C167595003,胡美惠
I116255256,鄭伊泰
J158073287,蔡君寶
A211504870,曾文華
P125919638,王俊傑
W132477107,鄧凡睿
F156849217,黃于昇
G120874478,林裕蓮
W145471315,韓家欣
R204655580,劉皇心
F146826122,方智翔
I231753335,蘇瓊如
L282576594,陳惠珊
T243776397,陳俊毅
T233837712,袁伯智
D128759028,黃建彰
F211311656,王筱瑜
Y263122745,唐佳欣
N104249194,葉瑜函
J139906672,黃淑芳
V167710097,張鈞霖
D285368061,雷雅惠
Y282205170,陳竣傑
Q281828959,蔡文寧
F197227431,宣晉茹
T293780074,林俊傑
Y156408667,陳薇韋
B265187022,李崇恭
U196763029,黃少欣
K273341949,李振豪
M214599059,陳大甫
Y150734159,陳慧玲
T273139839,謝新木
M112055212,黃惠杰
C273376632,黃俊幸
E154573675,王珮甄
K262497485,葉怡文
D188946618,陳郁翔
O220987764,黃詠桂
A251313095,陳玟雲
D281706430,蔡光慧
Q224328958,陳又強
E155387628,鐘炳妍
K147524587,徐倫昀
U102285563,鄭淑娟
A271554529,張柔康
C181610141,錢上春
C109003966,郭昇宸
H148232684,陳淑禾
B177200912,陳祥清
E130381308,史慧玲
D178412043,洪家豪
J223855406,謝文柏
O104402791,洪建宏
M114225089,周傑毓
Q257704815,陳育意
D215374095,高馥康
T287314126,謝文珮
W135374247,王育任
F268053063,江建文
O168754285,蔡依友
G257273130,陳麗雯
W298877389,潘左秋
G101105547,林志弘
Y289721739,顏政峰
Y281935231,郭梅香
R287809020,姜雪丞
D140766732,戴佩蓉
M249166068,杜石貞
C127595716,黃真幸
I183884309,賴瑋婷
U273322479,李予延
S270181689,王哲榮
L288318381,陳聿杰
Z150611877,黃冠苓
I161896252,李靜芳
B259703832,許毓琦
X223382211,邱禮禎
R281376399,杜佩蓉
Q223639514,李士豪
G215477307,柳燕中
R198033512,蔡珈緯
R161085180,林志輝
H138184135,吳依萍
P135955271,吳雅婷
D101175911,李緯星
S204118010,張佩玲
P271213794,陳珮士
A125995887,陳怡潔
J271094759,許曜宇
H297764933,袁乃文
L290181009,謝心怡
E161499577,許珮君
V123393221,蕭心茹
L137742466,劉佳慧
D100940610,楊榮生
U237995949,盧志偉
K128897207,林佳純
J166271420,游允玲
X279636160,張家全
E223962699,袁士弘
D201301833,張品春
L241800679,林玉正
H210911592,寇麗雯
J197348232,吳慧娟
F287157835,彭雅萍
U250307670,黃依婷
C178911880,李心盈
O253643928,侯喬甫
N121308692,陶重韋
E106854392,胡詩婷
F200701331,陳惟群
M241192486,李政勳
Q244514281,毛茜法
L169242940,陳宛韋
Q247916376,周陽意
G292320118,楊昕冰
Z273617342,黃上恬
K217480636,王雅俐
K295331170,鄭志豪
S266670986,王詩涵
W191712249,陳惠珊
C212386896,梁振瑋
O257722297,黃沛水
B271954799,陳琪琳
E261536595,王聖祥
A126262127,楊昌蕙
A142155627,黃國花
U264930883,李宛海
M272801581,陳明尹
Z262241216,陳怡君
Q232166659,李忠谷
J257468382,高馥康
B150062267,林昌幸
Z188037069,張琇恭
W252130947,蔡佳慧
D209946067,杜堯輝
W284609668,林佩佳
M115505219,鄭伊枝
B220257303,簡昕韻
O179079079,陳玟雲
U196428892,梁盈旺
G173853823,李軒凱
U120922845,王淑芳
X133356632,胡健函
F128955728,吳玉梅
T224521309,徐珮如
T169731798,沈欣怡
T161085324,陳怡君
Z213646121,馮軒賢
E111597957,陳炳辰
T102633924,劉忠翰
D279261444,張博鈞
W263271315,吳函勇
P125316744,鄭左航
R166373872,吳惠萍
S210148113,黃彥天
M179728350,蔡宏儒
E204127661,黃得泉
X245062496,王嘉發
U120390316,丁苑旭
F174377947,鄭如名
H147447574,趙瑋婷
T130365002,陳婉琦
C262396922,郭博安
S247356676,謝佩偉
A172036206,詹夙航
J295929740,陳金茜
B177969452,陳宗儒
P248815617,邱惠君
J124563807,萬俊佑
W297504976,林哲瑋
C140902380,楊仁杰
C212894008,王與光
O248575717,劉雅婷
P154961495,王淑芬
P164907869,李鎮花
X160476181,葉冠勳
N266026340,陳佩忠
R188096721,王怡雅
A125506746,阮亦麟
Q273848232,張家瑋
M179755044,林蓉昕
S205980261,彭羿一
F133672852,郭志翔
W131716767,胡俊偉
V287398428,劉彥廷
I268653953,蔡佳純
V266807262,羅曼沛
Y299312724,劉美慧
C123438685,王建宏
C218797437,楊豐華
G296265289,魏貞珍
L123058862,陳克卉
J131915339,陳冰邦
T187407884,翁韻如
Z250224992,趙佳慧
K299516544,黃彥均
G167793870,黎淑惠
P154700189,趙秉緯
S155744204,林恒香
X126752204,王士傑
C141275980,倪翔穎
F254809002,索玉梅
N179061413,鄭芳貞
V278854379,吳瑤恆
T237043547,胡靜雯
Z263751711,張台蘭
N224637147,陳奕旭
Y148387140,陳原樂
N160483616,涂凡添
C184862012,李雅雯
X228331312,林耀俊
F186612415,陳宛真
I139838931,張沛瑋
B155412534,許雅婷
V218000999,林信甫
S148657741,黃雅萍
Y275386482,童翠妹
S156708417,侯宏儒
P231284719,吳珮宣
I121778177,鍾群喬
K153948306,張佳欣
P104599261,蔡勇志
H157056656,蔡宏儒
Q291326784,林宗翰
I150509739,黃筱郁
P266432198,顏彥志
J193902918,廖銘睿
Z176733029,王文奇
A122082427,陳英傑
E187892407,莊怡禎
P294647903,郭青侑
P291453089,李冠伶
G189213068,謝欣政
V198312825,楊哲瑋
G241931176,吳宗達
G152341426,黎人恭
X166716451,許欣宜
M257922169,許凱婷
H159713243,魏珮雯
F210241468,陳亭淳
U170840183,黃雅慧
Q282333173,張玉文
P268729407,黃士和
T197801241,鄭淑媛
Y146231421,梁士寧
E175834379,賴怡月
X151275578,陳宏春
I161354866,陳惠文
E229839831,林郁萍
F141053218,曾淑娟
P244873499,陳展梅
B125276628,宮豐紫
V154411263,郭禮陽
B104868224,陳光蘭
V281286125,黃依婷
A235573813,劉凡季
N265670040,陳佳純
N204215118,郭博安
N150106880,楊威廷
I181685773,劉依婷
Q110261715,翁承翰
E204048067,張宇軒
A111671801,吳豪揚
I223903714,侯山意
F209452437,賴承翰
Z154622269,黃于俐
J246991914,郭群嘉
I280565434,洪淑陽
B285069883,黃麗利
Y172531189,張雅真
A226404083,楊治育
F151043055,彭雅婷
X109696172,梁治順
T282334477,張偉倫
D162296033,朱怡孜
E266783343,鄭意中
B276422505,林正友
L261356225,陳信民
S231467846,索玉梅
O231247217,岑鈺婷
L200118241,劉雅宜
Z261485063,陳琪學
M296569651,陳彥恬
R148849211,彭雅萍
N127416648,藍淑芷
Y252973594,洪學斌
Y172920775,李雅宜
J229366382,許怡臻
R144364691,林盈冰
V164613724,周美玲
Q154975767,唐映洋
Z225916227,傅晴勳
N255177578,鄭辰憲
Z203717739,賴佩怡
M143939225,陳佳慧
B292810818,王茂斌
I188182613,莫秀慧
C164726042,陳志桂
M209431264,王佳純
Y242518778,林宜俊
R218278797,陳威昆
A169060234,周舒昌
W200054467,杜堯輝
B289517380,韓憶娥
A216229658,林佩樺
G136869670,金佩君
G294197457,施益福
X262897939,陳淑妤
G276347244,連怡伶
Y238890472,林雅慧
M110382172,張于新
R123221637,趙安琪
U242021750,鄭樂恭
X130642033,程育誠
O157764819,李美陽
R157128994,羊鎮峰
E293202180,黃興南
L258033606,蔣柏勳
A262044412,曾采禮
J183791323,洪偉奇
E118883812,郭玉萍
S195377321,胡伶玫
C165392451,尚賢娥
F284092622,蔡修育
F297682792,莊雅鈴
S119513221,蕭修喜
R263168693,溫佩怡
O228193620,蔡彥廷
V155007923,朱心傑
J283379856,蕭俊毅
G117870742,韓智萱
U105326990,吳佳儀
S133673402,魏依婷
T158736670,林湖江
Q109854026,林姿城
U282259176,李宜貞
R110877394,趙智凱
K292881299,王剛雨
L288686482,陸燦仲
F196746802,劉育雨
P188379447,錢百典
K279994435,劉冠中
A200452516,林韋泰
P184507347,張子揚
X190142689,唐韻如
N191257039,陳真恒
D267492279,王興妹
F128844659,葉莉良
P233538069,闕茹丞
N211224332,張亦琦
K252013084,陳筱涵
H215270587,黃珍綸
X230944730,吳士賢
I128001124,蔡盈君
V196196083,白梅吉
V106812754,羅婉君
B270618383,簡昕韻
I246624636,陳婉君
Q128682684,許俊宏
J259300963,張芷亨
J212405712,馬千惠
M121585349,王怡伶
T148640229,林麗吉
O221764210,夏蕙恬
M285842989,張家夫
I154505166,柳麗卿
R249188077,莊雅能
N274331387,賁湘婷
E284582933,徐佩珊
R182454201,陳妍玲
B197177478,王怡君
I272696617,侯奇汝
R257398390,曹劭財
F186555068,朱芳如
B189923573,徐聖哲
O211620532,何怡芳
I226330286,周喜凡
L187389446,王怡萱
S148296328,陳琪琳
N192881986,陳雲佳
U229360870,詹雅斌
X247277619,潘玉芳
F129046200,靳右琪
W160537814,許佳瑩
Z137194382,張林志
T237922481,林耀俊
C248613971,林雅玲
B148101660,陳宜蘋
B220622060,楊志峰
U166589917,黃信霞
T117054131,陳志民
K101599220,陳彥琦
Y274522377,吳珮君
D143084871,林玉惠
A227499657,吳玉芳
P224764631,游儒慧
V183095488,林彥珮
U202618939,鄧偉誠
G236011121,洪學斌
L128263434,錢明昌
S238199921,陳紀幸
S149190423,張凱希
O193764459,吳婉如
H165235885,林治蕙
B200952692,陳詩霖
H172461733,李佳宸
B294619882,林蘭卉
L268410393,馮一儒
R179577866,李冠伶
M273642933,張為蕙
E286982628,王怡君
D116889584,張聖奇
S217316388,蔡文軍
P205809375,蔡政妃
G116586116,林婉法
F268173622,沈陽嬌
R233952758,李綠宇
X165466747,鄭美軍
W269083864,阮冠伶
Z252737518,張筱婷
B190771058,黃志鴻
L106468622,黃彥天
Q277658494,芮雅慧
I154383106,阮亦麟
W116276619,馬曉薇
Q255062190,那中茹
T160332164,郭佳宏
L150921223,陳展梅
I135244960,林曉仁
Q299152679,邱碧歡
M249375441,王月典
O141332436,鄧俊榮
T254800733,鄭建霖
B273712011,陳有仲
A290963655,林彥儒
P182375785,曾建志
T203946762,賴彥傑
S100400819,林雅智
W168386499,郭正育
E154324654,姜欣竹
V150542258,張嘉慧
N253672909,許宜欣
M211325235,許美惠
S231363209,李宛海
L245162090,吳美琴
L211881415,王卓辛
F101379144,吳名屏
Q288043374,鄭文豪
E210855578,高姿穎
J201854218,張南儒
K197249753,廖偉欣
P131549615,林宏芬
P266836061,張玉玲
C178145715,王智超
Q116746182,黃婉純
V209547309,楊永鳳
H291482512,李宛航
H201888133,張可財
G157697156,許美惠
A186931983,李俊菁
E216357446,陳宏佳
J195052957,吳文傑
U272664398,吳玉梅
A241490361,郭孟吉
E246633851,宋啟欣
E209087475,楊玉婷
G298372803,陳宜蓮
Y145490364,季杰財
C198861916,陳智雲
R201469055,梁初松
A122299146,傅淑芬
Y140008446,林亮辰
O153499713,陳淑芳
L110765527,蔡筱婷
U122109019,鄭韻貴
E280639271,林郁萍
Y197627953,李致辰
B150672398,王志羽
T274095050,陳信來
Z130903178,鄭元虹
A204769932,陳宏佳
T115129242,詹靜雯
H205682735,葉雅婷
Y274237113,葉少貞
D136651728,金佩璇
I253863465,黃佑瑜
C112290820,林樂治
N138197592,楊家君
Y144219605,馮志宏
N287676591,羅初雯
N116851542,張孟勳
B145181620,林燕冰
W123948540,宋穎郁
Y180529853,王志瑋
G215907757,陳炳辰
V157824762,施琳瑞
E142026278,林美君
P181082012,林靜然
L234706915,林亭生
J185791901,陳靜宜
E209146497,鐘韻如
O291558188,蘇志偉
R205600570,馮美玲
R131694813,林孟春
A234776347,繆學昀
K268136221,林淑君
M120239857,魏惠珊
G113234982,吳建宏
H296093337,鄭函方
Z277282407,彭政勳
M199816717,陳奕秋
K192256463,林惠玲
S123756252,洪玲軍
L134790344,柳麗卿
P255855327,王筱菁
V214406806,陳財然
T248697266,梁佩穎
C138737168,夏石憲
A235161715,陳益木
G104453451,陳麗珠
A168637937,謝威宇
E120746682,黃彥郁
O200741780,蔡倍盛
E169589943,趙其芷
G150826104,洪建宏
I114511135,金進瑩
O294080178,張玉傑
K118921358,陳怡均
I260270907,蔣姿穎
G120443508,柯承翰
Z276281844,王玄英
M277465807,許俊達
P163790851,陳玉婷
P120591907,錢明昌
T290328198,翁俊偉
T215766774,劉淑云
C248156104,褚乃迪
D257657615,連儀冰
E294411343,高志軒
T277985355,萬俊佑
C192257276,郭家智
L130661217,羅初雯
D293760579,鄭雅惠
S292311547,張智男
B223570787,趙俐然
G191803241,王家希
T102622805,李慧君
A291589760,周育德
F119778875,涂晴峰
J223909614,駱怡伶
E203752651,吳怡海
F203104987,徐孟東
I289049262,李詩裕
Q114398517,賴佳慧
K228286886,黃翰君
H155852178,林美華
S277223537,林雅志
D213982204,程莉泉
W199889318,陳昱強
U226379555,李美陽
Z263849109,白梅吉
F285827414,許嘉香
O178945314,陳念俊
F241020177,張上瑞
V222087431,簡昕韻
S245501708,賴嘉祥
J213937884,謝松峰
V107807668,張珮珊
T128046145,錢上春
V148518493,蔡常福
J157432497,鄧璇秀
P255875776,郭昇宸
I196604940,譚定妃
W183933725,羅初雯
J122678654,許子泰
C242295219,張淑敏
Q277545554,陳賢泰
H126068064,胡儀英
E179325424,吳美昆
X105978904,林珍孝
O232498549,韓至瑩
H299056818,許雅珊
L239760277,陳鈺辛
X246156773,謝進鴻
X252682784,陳景勳
P284743523,李恆慈
C145074434,張嘉良
R102960586,陳小穎
A105205668,李文美
X160230381,王怡文
R183996208,林聖花
L295783423,李財明
C246016698,陳俊真
S115057679,林宜真
G154118541,楊行綠
H288368343,楊昀嘉
D295032032,林水堯
E197110332,吳明軒
X109353207,張琬劭
A259859472,連珍龍
F239029875,李淑啟
F133069435,楊淑佩
F158127312,李向淳
I244891951,王百麟
A147682245,楊威喜
H102817305,夏進燕
H221918338,吳怡伶
P137679649,楊采利
C168446330,鄭文雲
T158071978,林宜謙
V217737282,陳與謙
X180976477,林柏斌
Z222112530,林彥志
R164911598,陳佳蓉
T295867145,吳雅婷
C125371469,金哲嘉
Y117984655,林淑惠
D194397836,涂俊良
U236894461,楊建宏
E194380547,林雅玲
C253716210,郭家琪
U119212114,賴秉凡
Z214216538,蘇美慧
D139755787,林宜軒
J291505931,李怡政
S206253905,方智翔
O243452871,陳子軒
J204743678,林靖雯
W206028621,孫思穎
L275547850,梁建勳
U230112237,許俊豪
G163352239,陳菁發
Z286956778,林哲元
X282159127,宮盈甄
L206629930,李禹元
G214685921,陳正東
R158368107,劉惠婷
S209114987,楊雅婷
T158085632,鄭旭哲
K112504193,李思芬
X197399775,趙鎮雨
P188134082,楊宜君
J192254548,林芃淳
T145760395,馮依一
C244870989,張建宇
O134195923,謝清尹
L129586249,葉怡君
N137059173,蔡淑良
R246111618,陳淑慧
R269173652,黃淑忠
T190583768,傅雅筑
R136808175,曹雅璇
Y244184172,侯珍恩
F203681854,葉玉玲
F236225133,邱俊諺
F199297137,劉子岳
I128268370,盧冠宇
R158818559,謝孟穎
A239612393,屈祖蕙
C101689437,連盈筠
M159512141,羅合富
H171716784,郭秋燕
R196141397,許啟佳
S158074969,楊維倫
B296535183,張恭康
B182074148,韓真燦
C132222855,劉美玲
C174896275,方怡安
D221685956,金哲嘉
U284761204,林國桂
F187733833,鄧偉誠
K157924259,陶重韋
T266260454,吳耀文
H188154776,張嘉帆
S213048512,許欣怡
A290396547,李綠宇
V127117272,李怡谷
G214001952,陳智雲
Y284710021,鄧雅惠
T189293682,陳慧哲
O263137240,李志祥
Q225171828,陳明尹
I169150922,陳昱強
D115604274,謝欣政
Z241064068,楊秀美
D299483937,林佳岑
F165173977,池怡萱
P129339921,林俊男
O132692223,杜紹瑤
U210197449,林威任
E218335313,黃莉法
E101256921,楊振瑋
N151859228,張立燕
L122563757,林穎貴
J195772409,張毅明
U126449836,張維杰
V187407840,林陽其
E193840535,裘婉如
K167863165,陳建中
U137565225,李容火
Z159290776,曹宗穎
H206489274,蘇又芝
U116589798,王隆亨
S244410137,趙向琳
I226270294,林雅萍
W294822075,黃國孝
A275367648,蘇冠傑
G268785150,王政廷
F185119399,吳宗珮
K194649797,蔡湘云
S195713005,周佳純
N128329028,張揚成
T265427759,李堯丞
M122478558,王欣仲
E178895356,闞國宸
E136094457,楊婉婷
Q188827976,陳采倩
R103902140,曾聖凱
S280671663,楊家宏
Q202768378,陳玉婷
Z251454207,李怡蓮
I225060105,王佩君
C282168077,張淑芳
F121338836,李火書
F203897192,林芳洋
K183715075,王文凱
Q114929576,林宜真
Q260424513,吳千慧
M287281895,王枝育
J201062425,駱致遠
Z297608998,白進辛
E213108021,郭茹斌
Y193776651,徐明妏
H269338530,駱致遠
W232502929,韓郁婷
A146716902,汪彥文
D261203750,弓豪丹
A110242075,陳炳辰
M188144273,林宏芬
H154981965,陳思涵
D206590161,王建緯
Q138941985,鄭宇盛
S241853390,張維康
C128099580,蔡宜霖
A101098630,張淑婷
W124822376,吳政祥
D298354268,陳承恩
W223534360,蕭怡婷
I231038404,潘凱啟
P180499657,陳心怡
X283504751,汪國瑋
E234741035,郭豪恩
R215644897,蒯英樺
B173830610,蔡柔偉
A292159293,王艾璇
Y128502196,汪怡蓁
A275225136,曾淑娟
J213688457,戴承穎
F286687914,莊雅成
B130560271,黃惠美
H266452962,李嘉萱
H282829758,劉念裕
U136746897,李靜雯
N295375227,吳慧娟
K293519701,洪元治
G186117078,蔡淑良
H204816595,韓佳慧
W113572703,張琬劭
T244780297,許紋裕
K255595832,王佳欣
E215869401,陳夙延
E225070087,陳志銘
M127592722,李佳坤
O238892578,劉雯芃
P147525523,黃婉婷
D226679065,李俊賢
B156281908,張郁涵
J231793568,黃怡伶
X139010251,黃淑君
W250995913,張政盛
Z269345851,胡美惠
J267516019,黃靖龍
J231522381,朱淑梅
C177259836,周俊杰
M274063838,姜姿婷
F250914495,錢柏宇
W121448494,林初財
J178653736,謝佳琪
N214581727,林宗達
D201961213,高家綺
G171933480,吳雅慧
L283312076,趙志豪
G122029088,許成駿
H153784408,蘇又芝
V197758381,藍可吉
Z211431766,劉育雨
W236191815,儲皓啟
T287136462,林穎貴
K266835632,周孟璇
Z246363324,盧巧士
N135210034,陳心孝
C272205367,金哲豪
J158786047,黃曉薇
Q129081083,林信宏
Y261850424,黃怡文
M284107365,羅水瑩
P272931497,白允菱
I292483858,蔡予辰
D136055422,林郁姍
L299957705,陳玟友
Z245040108,蔣姿穎
C257775733,林仁傑
O129619756,陸欣怡
M262475408,林妤甫
W197460548,黃士芝
L169025467,王佩玲
I247472396,林瑋倩
V178509671,高美娟
T299575406,趙慧珊
I213952803,張宇軒
P148453848,黃惠謙
K265350854,江炳育
Y275123109,許曜宇
R144739509,楊行綠
V295838299,陳展梅
S114903261,李欣義
C270371662,曹雅璇
S289838155,賴志平
A204030712,黃凱婷
C163353849,林孟宣
T215540412,胡健函
I200733992,曹劭財
I243117956,張瑩駿
K110490838,郭駿竹
S141701942,黃家弘
C275973200,柯政峰
P204687722,王俊傑
D271014363,陳石興
C220067211,陳鳳松
P150562530,李國蓁
R238949279,蔡佩信
O195013875,張雅琪
S274697964,林承翰
R202064956,高少軍
A196238453,王雅婷
R199265607,陳宜靜
K188044437,吳雅博
O227036028,謝宗翰
D104578325,張政盛
E208686465,李宜仲
D100683138,陳武希
X153507715,蔡秉源
S136758653,李美珠
H178830830,嚴俊翔
W157926487,林麗娟
R174493445,陳秀雪
C140213691,黃漢馨
U159714580,李明慧
Z282231967,連淑萍
A155289605,洪偉蘋
Y171464152,林禮芳
E156854922,林靜然
U190487146,陳紋男
W130416437,吳晉季
F230790515,賴容佩
W231871149,黃韻如
G266726199,黃政生
T210113951,顏淑真
A160260167,陳大甫
X245687260,葉中雪
F163751731,劉名娥
E199694340,李靜怡
Q263634977,陳家倫
S232385870,郭順琇
Q246643301,黃家慶
C168536857,柳俐琦
S268505526,陳俊彬
S241771571,陳佩樺
H195489328,昝佩芬
R278300505,吳宗達
B110508426,王威廷
U193099862,陳致人
A276326776,尹怡慧
B148202493,韓仁寧
R216426982,尚羿和
H118071404,徐美玉
V146697991,蔡孟佳
Y205616117,楊瑞齊
S241140307,張石民
T172418053,段子菱
N261139655,楊江銘
J150326781,吳建輝
N155323292,陳宗翰
R205164597,陳佐鳳
W196650235,李韻如
I210533477,陳雅婷
U113818792,林佳慧
H130309498,李俊賢
G289226450,許玉鳳
Z211210374,黃信帆
H195332039,張智強
U292313338,呂宇菱
Z212652410,鄭伊富
R153171748,林裕翔
V285143881,廖珮意
B248922054,林則紋
J120065426,陳俞儀
J101521669,盧意婷
Q195274958,張偉翔
H120816075,童任謙
D280092179,李欣義
O135501943,苗惠如
W176937393,丁建志
L138734502,蘇韻如
V180736946,周映勳
K145666260,陳致人
F105260342,毛怡如
T157566978,吳欣怡
M282441079,林文恬
B252334615,林忠江
M162343141,郭合忠
N135355243,陳靜雯
X233595775,季杰財
Z190730155,張俊宏
M147817837,王賢瑋
L266910489,陳政喜
N271329223,蔡明岳
X169655544,郭曉雯
N237067426,盧漢玟
C178348378,張鈺雯
E141534191,趙文婷
T180505994,陳冠映
V159970463,葉怡明
W266025959,唐美珍
T168787992,吳雅君
C262648529,王玉玲
F115541685,陳威琬
D182327217,劉淑如
F294295108,楊淑琬
J155158756,林子豪
K183743631,侯建勳
E233182005,賴惠宇
X200260098,林育仲
W103208527,張亦琦
A191407289,蔣柏豪
P248045866,戴俊諺
H273243348,陳怡君
D135099135,許聖傑
F279425851,賴百琪
J169929585,金宏偉
K138823442,李冠廷
L116153629,鄭宇盛
H239333205,林俊偉
K275177036,鄭宗翰
P186463982,黃念峰
Z180966018,鄭淑娟
J240017400,陳元賢
H208387460,丁怡均
N250033393,劉冠中
C210720194,郭裕翔
E236230839,黃馨城
C144370197,王芳瑜
G234737542,楊惠慈
O106732318,李怡妃
C133784014,吳怡辰
H222682640,王志瑋
S169261996,方育霖
O206631943,侯育任
Q195782268,袁郁涵
N178706253,胡詩婷
V176945857,張佐迪
W298318885,柯鈺琳
T259105519,郭明倫
A160445704,許文福
C188032387,黃哲穎
E223287324,高文傑
E180381509,黃俊威
N197404818,蔡辛綸
Z278010941,賴雅婷
D217768380,張瑩駿
P190919460,張一儀
W282682169,李佩璇
W219524276,張麗娟
T208234552,馮怡廷
V276259741,劉家軒
K285910132,洪佳慧
V109683684,蔡明伶
C228619897,王火慧
H127706009,李嬌以
S150358753,張馥秀
X226662154,余欣鈺
Y252785665,林燕冰
F169392076,陳燦義
R147849708,陳碧茂
Y185259427,游軒亦
P159866084,林阿寧
E102560264,陳柏舜
G137723002,張哲旺
K274523258,王穎岑
H251172822,楊筱婷
J265623833,張翰強
M170896473,鄧博仁
E255179520,謝呈喬
J104068123,徐秉惟
D253941616,沈家銘
V265191970,曾恆勇
D264317635,黃仁冰
F264120812,蔡建志
Q278685306,彭雅琪
D122404597,廖士凱
U233744651,賴雅婷
B126691049,謝孟汝
G275181706,易耀文
Z104607776,李淑惠
P226271880,林怡旭
O120176652,袁百真
X183697704,林志昀
Q229992592,吳采均
Z156735161,陳國維
B101981140,陳虹汝
Q160355093,黎中睿
F297420603,吳凡雪
Y266772649,朱華修
H182795451,蔡雅昆
E110455647,高銘義
E151398161,張博鈞
Z267886135,李淑娟
Q173098945,張為蕙
M274255167,羅胤愛
K199331807,謝真州
Y176058832,楊家君
R235194932,黃國瑋
S247371664,華馥孝
E247677535,白岱玫
P154711422,黃婉純
S239600709,王雅婷
C142240847,趙其芷
F186280002,金哲嘉
E134455238,衡偉妤
N272566284,劉建宏
E201422230,陳芷達
Y297685608,許慧白
V256923866,王茂斌
K193995227,詹珊夫
I134505384,張世昌
D124714407,李昌康
M171971733,張怡萱
K169935511,鄭玉婷
B214809015,吳欣怡
W180375329,李竣馨
I221079984,裘佩珊
S187640388,楊昕冰
O181116729,吳惠萍
E171614086,黃鳳蓁
R234578185,陳小穎
E202979952,游琪惟
C186887759,黃士和
H111771376,韓至瑩
O259301198,賴緯娟
R130304954,許蘭山
G135709282,李之雅
X282865602,吳人鴻
W284778104,王佳純
A111100192,李明凱
Z272913354,陳有仲
O177018881,鄭佩君
N199305005,沈志豪
R172278468,林嘉幸
U280832284,王玉瑞
S259926679,林俊傑
E154398494,賴俊生
C138677201,馮文賢
F230655851,柯彥霖
G283203631,黃麗辰
Z260173840,蔡佳妤
F295448783,陳峻豪
D121017787,陳幼馨
P272607101,劉語仲
V134369026,郭靜如
H260489090,林俊嘉
Q228740450,權星芝
B273986708,宋任霞
L244684186,徐孟東
F293572642,李宜臻
M205654798,陳義雅
N201531240,童浩恒
W182585734,倪淑娟
H259267640,黃耀明
S235547890,陳美華
J279867683,謝明雄
Z201124745,李文欣
S218090132,施承翰
H191539354,林芳梅
D154461615,鄭佩璇
L152994224,李靜芳
Y201541360,陳宏偉
Y215743112,黃怡燕
A187468274,曹艾年
W178571446,吳欣淑
Z257332308,黃勇志
K112193369,李茹冰
G125713318,王嘉愛
H276161272,蔡佩娟
K105894824,蔡宏儒
T277339666,陳建法
M260001811,李美陽
O213017757,李淑惠
F249064500,劉威樂
M187897640,林玉正
D252598639,諸彥秋
D146424171,溫佳欣
C172202597,曾欣儀
G197885005,陳俊彬
M106999767,黃正斌
T128323530,許文映
Y204936398,林琦季
B108975499,王竣睿
I118852897,甯真宸
P158801794,陳宜谷
Q101722125,袁祐珮
C107885988,黎冠志
X279786227,李倩喜
V132988087,楊舜文
M295070771,劉雅筑
T207272192,鐘怡禎
R247701803,黃麗佳
E130605269,李大學
B100741759,張宗翰
Q184869441,陳益木
W159275278,施麗玲
X179499870,林婉吉
R147220294,林筱年
T168195476,王芸美
C244011891,李雅慧
E202310640,王惠文
H252288605,張麗娟
A247111270,李誠燦
W223784735,臧海茵
Y113870614,趙辛佩
B155439562,王怡伶
M259253729,王彥亞
C221521698,陳志豐
T210542881,羅伊定
D127300370,黃欣儀
A106759558,毛妤湖
E105336644,陳佩芸
M151430633,黃筱法
F184826920,謝新木
D282070662,陳賢泰
R139681783,張鳳年
R281671568,黃國偉
W145213591,鄭惠偉
O262194081,李誠燦
M159822606,陳巧綸
X202562433,黃宗翰
L103339400,劉怡婷
U296772226,劉承翰
X129507425,林士孜
V273031527,季杰財
Z200768850,張凱鈞
W254007503,梁建勳
D187052457,童玄亞
H228808335,杜珮君
F218233931,張廖翔天
K244174050,鄭伊泰
V245087680,楊靜宜
D120848724,林冰沛
N123875954,黃宜潔
J241354091,鄭怡岑
O182778947,李青珠
J160975116,林克齊
C257124736,張柔康
M261791332,楊宥旭
M241752544,陳婷婷
E258343059,邱念心
T241392106,李俊茹
C101511970,林曉仁
Y230277931,蕭冰婷
E100119518,陳俊德
Y232570533,陳志維
F249221658,金哲豪
U131659835,王偉花
C112037930,盧為雅
Z175590244,李靜雯
L263059345,張玄歡
J157247523,吳孟瑜
A212210886,王世傑
T167076721,林雅智
M163075624,王育德
S133126980,張彥安
I254999268,張逸瑋
H244336003,鄭南政
Y154029597,吳建緯
P132465789,蔣智鈞
N261333153,蘇韻如
Y232730495,楊家君
F192069359,許威德
U164694120,田展瑋
Z140856819,李美珠
S107596229,韓慧茹
H234269728,蕭莉映
K120520932,蔡良豐
S260413129,黃子音
N263315788,錢百典
J174103664,李冠廷
O191176675,朱春麟
H203130809,賴怡伶
J281106248,陳品枝
B198218272,張宜恬
K200638220,黃麗妹
W243843977,李怡君
B196454163,鄭嬌茵
P275488322,陳可欣
D111837053,張芷亨
O209363335,黃信霞
Q274217982,史慧玲
F293279333,蔡宜雄
N269279165,鄧中新
C282339254,黃政生
K104279378,謝綠吉
J109376728,李育樺
I232955495,黃惠謙
G260735934,鄭宜靜
B156951101,許嘉香
C165369041,陳薇韋
S209704856,黃志桂
P211698762,林宏儒
O230656454,楊文欣
Q232001662,楊旭丹
Q190722977,陸有山
E171583826,江慶依
N196740379,陳彥柏
I196540076,林昌幸
G294245092,謝芷德
Q295992695,黃志宏
F173593036,楊舜文
H170302839,黃瑋云
M109985845,呂秉剛
Q186518438,曾義仁
K143057683,陳子芸
J134408091,姜益喬
C160786560,黎禮航
Y219655097,米憶鴻
U190582557,張品春
P269211093,楊辛群
B151107649,蔣雅萍
D156038141,王威廷
V113361262,楊惠航
T295036382,黃怡燕
U253322893,梁佳蓉
W268367905,黃其茂
Z188597113,楊家榮
C234756212,朱怡伶
B230460812,黃玉全
S167038140,彭家豪
X224367638,林彥仲
V174309166,王怡如
U156845426,柳鈺達
P219827934,徐佳芳
B124881698,王彥雯
A258072211,劉俊淳
H216643860,李士瑩
E198430173,周伶堯
S156845586,鄭宇盛
C171464806,余薇綠
H227192543,謝維倫
S286804773,潘定韋
N143915593,李美珠
I103423213,梁佩穎
C252964856,陸均瑩
G205061897,林介博
U198604872,謝培倩
T110104709,王嘉月
V284305092,王怡萱
K281606904,梁盈旺
Y288907977,李嬌以
Q115602529,潘漢孝
D179200476,李緯成
M253063794,李茹芸
C269900559,吳睿啟
Z167057945,王建宏
O204480591,郭裕翔
Y168966558,荊怡伶
M157111646,王怡如
P169796393,郭浩怡
J173790010,王玉婷
I269994926,李素貞
M237098091,吳瑤恆
T136840513,林美君
C188561392,葉智超
T198371000,吳佩雲
D113779410,陳雅琪
C295004331,吳承翰
T207480256,吳文婷
L153513296,朱書綠
J200124079,萬貴茹
B215653099,吳宗珮
Q280056557,黃鎮霖
W111610826,陳伯能
R197351182,白岱玫
F107679116,李致辰
I296452706,王乃文
Y248158954,呂少珍
O130195632,郭祖德
Q243469241,許淑瑞
K182832193,陳學岑
Q286335440,楊威喜
V289031846,李禹剛
Y127699136,陳盈宣
L291383534,康晴青
V254747224,許惠萍
K150162760,王秀玲
L129147993,顏翠昌
C111316343,劉嘉偉
G289531401,林婕妤
O196999838,鄭函方
G234983133,涂珮瑜
V119245641,張侑珠
A262188624,袁怡秀
Y276859224,穆士凱
F134831168,林姿泰
P229699040,何良瑞
R172509388,王瑋紫
U138570051,林雅玲
G233106123,王珮甄
V235806824,謝盈屏
H283800051,黃峻仰
L143178141,吳怡璇
M169713650,黃麗雯
L131082247,林秀玲
C297876157,周淑敏
M161085391,吳雨月
Y216449962,陳麗珠
Q259897448,連惠君
G151664251,沈孟穎
C144861488,吳怡婷
G294984736,劉吟寧
M202951585,王俊傑
K210509969,許雅一
C172470120,張明茵
W143380231,莊怡禎
K256597385,蔡佳宸
T186551632,涂宏儒
B106693234,陳怡君
U246048113,侯柏毅
Q183862564,王威廷
W199524643,施展蓮
T102299164,陳怡如
F219751465,賴百琪
U141147664,胡詩婷
K125072413,鄭家銘
Z209326778,楊珮志
V233242608,黃曉薇
E126430558,吳婉如
U125091247,高妍靖
Q196988997,陳麗娟
M209276012,陳建豪
V130513162,許紋裕
M121248654,杜郁翔
T231997233,徐淑真
T229995112,劉承翰
P210376669,李睿財
A100037599,黃珍綸
S197994455,袁寧仰
U159529189,黃博恬
J160986815,李政勳
N207940252,郭順琇
W183459859,易耀文
K272176877,楊威喜
G141528257,陳秀雪
A272560334,黃建彰
N121867954,吳建東
U212050234,周育德
Z272813804,林明倫
E132648548,蔡常福
N231476225,劉雅堯
O102291870,陳育意
G204222047,林水堯
Y224926174,李宜貞
D166263781,黃靜怡
V157238024,楊珊倫
I209653066,呂宇菱
S164102563,李緯成
I107397438,陳梅元
T105175198,黃佳琪
K211843013,郭禎依
A297716476,宋志鴻
C249260634,張淑芬
C185282410,鄭恭松
D140441614,李志宇
N142382483,張志吉
P180253473,江雅婷
K277462216,姜益喬
X286194962,林婕妤
L296500348,李彥合
P239616722,邱苑毓
P251518323,蔡宜來
U163977522,吳凱治
J182562560,林威任
P122125116,蔡怡文
L124152896,曾銘昕
S298580886,黃琬珠
F100093234,黃智仁
I207937390,鄭倩博
B263336312,陳俊宏
Z185978474,張如季
O282760778,陳美娟
W103846036,沈欣怡
T166053484,江若元
D252631764,楊柔峰
E251993239,李敏政
F200410559,呂昆柔
M264974726,林建輝
J192987471,黃俊任
P171712683,鄭上燕
K191312159,陳俊德
S139193609,李淑偉
E123395436,韓綠秀
P112784050,鄭貴書
Z284207398,葉麗娟
V112018039,汪家豪
F261585697,劉淑真
S142741913,曾珮君
J168405317,黃麗雯
V173072697,潘佩芳
W299634931,顏朝延
P237004635,邱伶學
B161212111,彭羿一
X276020268,顏石廷
Y121475374,袁雅婷
V119972287,張家全
F261026853,沈世昌
K152212254,蔡志宜
P132080384,林怡雯
V159332301,王志明
B227445276,白俐月
D178724619,袁韋平
U210988548,袁乃文
H135827384,許家忠
A194547217,賀曉萍
R278734707,毛育萱
W265792371,謝之貞
J270090042,李麗芬
J243100199,劉承翰
Y222187213,鄧雅惠
X206436989,林秀娟
L254800898,陳浩丞
N106234351,常亮達
D152139781,楊于天
F201773644,戴晴恆
W206000730,李宜婷
L158444483,陳舜翰
I113994532,林妤甫
X190976569,黃博恬
R293747362,林立聖
V250692166,姚揚潔
I267596968,富建成
J272950649,楊珮志
L139575329,張芷亨
R192385151,李俊順
B203165940,李菁芬
E159686480,王佳純
U257503189,戚穎真
D290734031,林義孝
Y166338609,張奕辰
G283478923,汪家豪
N179978897,鄭惠玲
S280650600,唐政哲
O145287487,陳玉婷
N222411761,黃文康
D183901691,鄭雅萍
M208454843,馮瓊慧
Q118158117,陳建宏
Y176598877,張智迪
H143852891,明佳穎
Z157403391,林行銘
Q262061630,張俊宏
C210699578,陳羽雨
S251539343,周佩君
N240232526,黃俊任
Y253922055,李添亨
G196845178,周竣君
K147651632,張建志
F132925907,林柔白
X206754740,萬貴茹
I195638193,張冠宇
E250172987,沈原屏
S192046463,張家安
F267832168,吳育德
V240893660,許舒婷
C247816209,李珮達
E290423427,林靜然
D274545749,李于發
O271506811,張揚成
P187941770,陳夙延
P254784678,茹香君
J287013895,賴怡侑
A257566250,張玄歡
F233648607,張盈俊
B232075142,李宜臻
C140734882,李嘉音
F198242469,林哲瑋
W263251144,王佳燕
P108935290,陳家吟
I190125619,黃子容
O211952468,楊珮志
C204317065,張君芝
Q285312701,楊嘉琪
K164380829,黎博文
A150073661,曾志祥
H109669361,郭哲維
H173984637,林政強
Y295838585,王怡安
R204707132,吳欣怡
L142360314,黃珮萱
J292477758,李淑心
A129346942,胡伶玫
T171932143,戴文婷
H274952917,袁嘉祥
H241019381,黃信宏
H214788991,阮希枝
S246003087,郭惠玲
N250859146,孫志軒
W205857324,薛健豪
A201727987,陳俊逸
U258862758,張佐迪
I195846944,林子豪
Q105570574,王珈旺
H156954902,魏怡萱
E122280981,張芳丞
W166723216,曹佩君
C239348229,張志宏
J172699532,鄭凱勇
G235117651,袁淑君
Z233032061,張凱婷
J281551565,黃士芝
M107931492,許健銘
E183342997,阮怡禎
H253641786,張淑惠
N294453393,陳志銘
O202024380,陳靜宜
C234933666,陳翊典
F247161579,郭佑柔
E266091493,張宜婷
Q290706840,陳易文
H152879971,羅孟倫
Y125518325,張志文
S291038754,賴瑋婷
T156472744,洪雅玲
X192521811,張玉禾
R292859747,謝蕙伯
X196837721,杜國華
A100883322,蔡文法
S224964723,賴慧玲
A161717450,駱新珍
M236810879,王郁婷
Z252530386,史慧玲
C181520580,李明凱
T230326098,林佳純
P116793564,詹明翰
C244153536,李靜如
M220967723,李倩喜
E128822250,王詩涵
Q114676141,黃士嘉
T235952114,鄧奕廷
M242768402,陳志銘
O235698416,郭靜怡
O100124723,陳宗翰
P265431875,賴舒綺
Z132254552,藍之麟
V213020704,謝佳儒
P115837450,郭金芷
Z183216177,張淑珍
R198486200,姜維安
J190484495,章怡婷
V220529669,姚慧茹
F171365874,郭青侑
T208078714,黃人俊
W139413512,賈佳蓉
X141005788,陳尹輝
E241593478,林依婷
B238635964,吳惠萍
R111582090,繆之善
O108989164,詹明翰
M175347457,王昱人
E291465250,陳雅慧
W234627349,卓裕雅
T152327364,韓鈺雯
J156597033,王信豪
R237598401,張鈺發
N185604666,洪駿亞
Q130667222,郭博安
T138951466,林美惠
Z154740584,謝心怡
U269898997,陳愛元
R237781522,周政達
W191237741,徐玄昆
V116995859,蔡政峰
Z293602883,陳大甫
Z222002646,林孟涵
I195652880,楊炳正
W130504825,周舒昌
D110700253,張其生
B291651280,吳怡潔
Y227912047,李志豪
D254227722,方向鳳
O111967047,張嘉慧
J168553998,黃人俊
C249298156,陸東冰
G275445509,童瑩齊
A239774316,曾家豪
Z156419215,張淑敏
J119428015,張淑宇
D136700057,唐政哲
R251918316,陳怡均
O182862560,李俊茹
A193880133,王郁琴
M172080802,林佩珊
H222129728,吳志平
A297653278,趙典容
Z254721607,唐雅娟
S172663824,林俊明
N264372241,吳玉玲
K184235441,簡詩涵
Z218077457,郭豪恩
V193560947,陳軒豪
Z162658479,胡薇岳
G148796664,賴峻豪
H255852152,黃子琳
J185815844,姜哲宇
L298783416,張山齊
M232808319,陳彥琦
E289962191,鄭志嘉
Y102077929,沈原屏
E110418742,林晏南
H243906510,王威廷
Z179396000,謝培倫
W267795389,張志法
E196738201,吳剛謙
Q191277686,陳育意
B297974960,吳郁文
O294643531,郭秋燕
E143774291,劉淑媛
T181039962,方展能
W261132815,蕭莉映
G184028452,劉皇心
J213499709,林水堯
B143049129,黃秋燕
A106085437,陳欣勳
U112884569,王家希
Y177003733,劉筱婷
W139061090,駱志聿
Q135565910,許寶雲
V138009272,李怡谷
I295847176,劉家江
N212663137,黃少源
P182358328,巫奕君
W116157833,趙雅婷
Q240489901,單柏鈞
T183316355,王佳純
K274073913,張玉文
V193401738,施美玉
S125450440,林佳蓉
V260682814,宋啟欣
Q200229725,李志宇
L130814594,閻牧齊
K100740241,黃俊佑
R122206127,彭蓉泰
T162079884,吳文志
D121500474,季杰財
N213613293,馮一儒
G167489380,張佩芬
P160163718,姜姿婷
K247993600,陳峻豪
N121728756,林為妍
G226942913,吳耀文
C122970326,葉吟柏
P277708630,陳淑玲
Z257597676,蔡志杰
B183865321,王致遠
O113297824,陳怡如
Q280476273,黃國志
B295368964,吳家全
T179717693,吳凱治
H208536043,郭雨以
F253608065,劉家江
S103723980,劉建銘
V137976283,王詩涵
A119583424,黃瑜吟
B181530101,錢堯岑
D187379079,陳怡文
O140544692,張嘉帆
U121624151,李志怡
E285432790,孫耀修
I200668294,李敬峰
J288246718,鐘怡雯
B225575191,侯柏毅
L265926250,趙凱文
W135197562,謝苡恒
H124853190,劉憶友
B143234333,楊淑佩
E263894554,李璇成
O161551419,謝婉婷
S212817102,林為妍
M270563382,趙涵威
N186715088,楊與薇
O290265746,黃昱欣
W117619261,劉依婷
B198753794,俞合雪
Q155638209,林文傑
F193388077,方佳蓉
H147197006,魏子翔
N278260781,賴彥傑
Y153526122,陳美娟
M189931985,柯宇軒
S205717133,姚光元
Y192525785,朱書綠
C241592700,王昱忠
G159342798,趙詩婷
Z292834845,李鈞美
D140058879,陳彥恬
N228459774,俞合雪
X222918815,蔣文凱
E134908930,鄧博仁
U150147538,張奕辰
A165045919,黃冠如
R271201170,林婷婷
T299522325,施鳳珠
X267644198,李宛航
J233770385,陳信花
Y162641409,陳夙延
T249416176,梁奕禾
Y231290385,吳惠倩
T257581986,陳佳聖
T148183434,林初財
M193405701,鄧紀源
B229062248,沈奕辰
U250656650,吳剛謙
N245310785,陳韻淳
D214712591,陳石興
E111823596,童秉恬
C114809041,李綠宇
M145743558,王育德
V288816096,林珍孝
J284903936,許鴻勳
J139933759,靳右琪
V257198698,周介盛
F157570551,黃仁盛
R297013223,林信裕
F147002742,吳千文
P139538089,唐美珍
M239651676,姜志明
C246673559,林美華
V117421885,陳柏群
J280501945,吳美惠
R262734086,劉冠中
G166106195,曾欣儀
I213094502,施巧宇
L229009776,李明吟
E296304243,蔣柏豪
E205275068,林誠法
D108298382,許思賢
Z199790899,陳俊城
U166507380,張淑惠
F146906241,李翔軒
H275949441,張石月
B187456695,甯真宸
S131699551,蔡辛綸
O191899182,黃柏謙
Q295259391,王文凱
J173640051,謝孟穎
I129088205,劉皇心
W240910640,楊江修
Q234654689,林仕瑞
Q194871882,黃彥均
N159131147,魏怡萱
H267055190,葉玉玲
I127196160,王建緯
A184887946,王于真
E225861024,曹鎮如
Z103825903,謝明杰
Z242647196,高姿穎
J297661778,彭邦玟
J253506461,賴美珠
Y262417558,王興妹
G199236993,游軒亦
G293970934,周俊杰
O292790699,黃冠勳
W109884316,吳欣穎
R166714088,蔡佳慧
P190190492,涂嘉慧
S196649817,李致辰
W234712405,莊雅鈴
H254862716,李建欣
C181686029,陳冠盈
K256676907,夏益孜
U279587643,劉嘉偉
C109602914,林建珠
R162917734,姜志明
F179320466,林景昇
O281907295,張世傑
T266143261,謝威典
U210906984,鄭美珠
N104566869,謝新木
S264335359,張惠彥
O245282760,楊婉婷
D143728832,黃政揚
O194562128,衡秀利
R249122917,平浩雪
A171089347,吳哲銘
H151436847,陳婉琦
Q130793781,蔡麗珠
E111585546,霍宗達
U104622233,韓佳霖
H125477774,楊雅雯
D291683266,曹慶雯
X259267570,李緯星
C296475290,李倍福
L293268085,吳修依
V141797503,王上智
R219572392,陳芷達
Y241048973,林珮彥
V162115118,郭靜如
F191114944,曹劭財
K143248540,賴家豪
Z200665050,李宜慈
J293893498,陳冰邦
D150444234,駱志聿
A245438518,陳柏舜
G135742625,王秀英
E150258435,謝昭月
B220198621,黃耀明
U209233489,陸東冰
J274454962,李智凱
S160934550,衡秀利
O195671037,方怡安
M273467118,錢佳怡
R262403433,魏紹禾
Q111563914,張淑惠
N152230978,邱書瑋
Q123239423,張維源
T247588286,於紀璇
M127538728,謝宗翰
N184981208,林樂治
R252167804,吳于珊
D173447055,李珮達
P207215022,蕭婉婷
J289944704,柳國榮
H223929688,呂宇菱
D108075156,譚勝慧
V133022220,李誠燦
R209573261,毛佳蓉
W181381689,張可冰
N201069614,廖嘉豪
Z157704777,陳家昀
H154258792,陳惠玲
L199556091,金木然
E259919646,毛佳蓉
P284972202,徐宗穎
G217501422,童珊桂
X159302321,杜郁翔
B286497416,袁立恩
M101035624,劉育依
B104599144,黎志明
O102181968,杜淑媛
E252140349,李惠君
P276584494,王茂漢
K236334195,李宗志
J193992234,林文凱
Q170210798,楊淑筠
S237686201,賴美珠
V233625830,蒯菁芳
U106619136,苗怡為
B194025548,黃晴宇
C190284480,經耿瑜
C196327171,張永修
N282965011,張菁夫
O272278585,蕭莉映
K141711059,馬志豪
U203171257,黃中平
Y269175722,林俊其
X147336148,甯守勇
X179201316,趙立偉
Z169263290,範玟富
P264117090,阮建宏
Y237504637,詹珊夫
Z238480763,傅淳法
I190877716,詹堯蘭
H269073098,王筱菁
X112654562,楊辛群
O123804144,林昌幸
J151836660,張宜靜
J137601343,張佳純
I272069816,張博鈞
K120591637,張家安
C292210373,金欣怡
Q202481732,林惠玲
N102642099,謝佳淳
Y167619185,蔣炳嬌
D239468861,黃瑋云
P102366308,吳茹琪
R262676187,蔡佳妮
H285926030,鄭樂恭
O230985192,劉怡仲
I122938284,謝雅萍
I158444262,邱致桓
O224618359,劉惠婷
Y106243027,孫志軒
J168978388,姚萱禾
F187098937,屠淑貞
P232666519,蔡劭香
C218923204,葛寶洋
I132828731,陳冠盈
X242955350,劉思翰
R214397175,林佐林
P137062304,許玉鳳
Y109662695,陳慧玲
O217870652,閔友芸
H176923216,丁智偉
V262243422,李宜南
W233393200,王尹慧
F251604354,陳秋倫
U147276888,姚慧茹
E225784175,李志宣
C166961432,鄭宗翰
T288718191,張麗娟
G152186087,方向鳳
V123045739,陳彥宏
O277617966,黃思堅
L167774387,吳翰恬
C187137758,劉冠孝
W162096914,劉俊伯
S221030597,吳宗翰
B193620790,李松州
J281296194,馮怡婷
C210786325,李火書
B242303653,趙哲嘉
K231906075,張翰瑤
K124021896,蔡勇志
Z125561391,劉俊月
N185389164,高孟璇
H164476631,苗婉婷
X237961524,王尹慧
X171277765,童翊瑋
S172339083,楊仰豐
O288398605,鄭萱鑫
D193178499,蔡世迪
Z228348294,黃聿蕙
W124861177,王上智
L152322282,許琳杰
G193116107,黃冠廷
G135447027,黃鈺其
I203985774,陳信琇
D170228192,許嘉香
B143061018,李綠宇
P128190975,劉名娥
T246344888,王意昕
N133830976,許孝盛
C211653889,袁怡秀
R247869319,吳雅萍
C142170724,王翠利
R282941774,林惠雯
F238118293,吳家維
D108939904,孫文傑
J120486274,楊怡欣
N204372387,皮芳花
J254913728,莊雅成
S221189666,陳琪琳
X271854040,陳崇帆
T281939156,傅婉君
X266203022,陳威昆
J286150817,鄧志忠
G249639580,鄭元虹
C288898378,張建德
I157234726,林珮彥
V200963110,黃少源
C142198517,吳鎮宇
Z235452696,呂亞臻
V136629427,鄭俊宏
Z150140275,顧志瑋
N264308581,張菁夫
D282596250,吳培倫
K266566767,蔡孟人
N118582924,張瑞峰
K197155210,王昱人
K217753867,林淑婷
P103991118,阮桂全
C154389402,李智凱
R111264980,魏右靖
I221101007,汪麗華
R120182179,林俊其
I260235668,趙晏一
H145858060,謝佳祥
S290975454,謝偉翔
I137860293,翁羽吟
E179597868,陳康萍
Y163511580,袁珮君
S176284758,葉瑜函
A183141389,駱志聿
P229632796,陳軒豪
C194166161,胡珮雯
Z142902127,趙喜亮
I158607910,闕茹丞
W140530597,陳宏亨
N169261152,陸美芳
L205434688,陳雅惠
U177096950,金木然
S191785247,林文傑
W266317514,王百麟
C178019032,劉雅惠
D177935092,張誠鑫
V265467344,段建宇
O159095719,陳健諭
G127337772,吳政育
J158855289,李明吟
G292771955,吳大伸
K257444016,陳原君
N223845707,羅弘恒
K134659231,曹修智
C203561649,林冰沛
A156786283,陸智傑
K274128351,王志明
S191300235,蔡佳宸
A185827766,林建霖
K236117363,張惠彥
I226316393,陳菁豐
W263189518,蔡雅云
L116919725,李財仰
A167009886,張佳霖
P152031850,裘佩珊
B195956300,張宗霖
W192519386,何志強
I130434384,劉彥翔
I112623374,吳季修
T287493953,李祖天
E272786663,王秀貞
H127898762,陳俞州
V115990350,李勳聿
X260023931,陳惠文
M242208634,黃隆年
P213246088,錢孝娥
W110226991,彭淑惠
U264028655,賴鈺婷
B132635708,張惠玲
B144013301,郭欣怡
K114904619,韓貞儀
K275517389,黃守修
X274281209,童玄亞
E157174156,何佐典
F160604762,吳思宣
A148423393,杜千惠
O267088800,林湖江
K103699116,吳大伸
W244626050,李嘉哲
E233692382,劉俊來
M160108653,汪勝傑
Q295324053,吳怡辰
Q205694802,蘇佳慧
B185579588,鄧季霞
P286243151,莊雅音
K215149276,蔡昶貴
N231909096,陳盈宣
Y217667366,蔡以彬
F105177879,賀曉萍
O220961608,陳彥柏
J211302392,陳庭瑋
I207265862,連萱孜
Q201094717,鄭雅萍
A152210797,趙恭斌
T101157425,盧志偉
X188234396,蔡辛綸
Z219356573,陳佳玲
G157350809,李佩雨
S208537744,呂少珍
Y149927451,王俊然
O281839023,王興妹
N131911932,王佳純
P212685581,劉芳瑜
O271467659,高俊吉
C155204588,張善仲
W218740507,林怡潔
V231637887,彭雅琪
W237605729,林思妤
P123838569,楊珮志
K181682251,王林君
U230760957,曾聖凱
R146706919,蔡思萱
X119923613,張怡君
R243230545,陳冠盈
N195731787,邱伶學
V292383626,陳庭瑋
O129532049,陳佳聖
A267546797,吳建義
A249796968,周淑芬
K171978482,邱伊婷
N171801997,高乃宸
P220151398,郭豪恩
Z264697976,李雅萍
A201679333,陳小穎
O275025086,羅胤愛
V170066919,黃靜怡
X107410861,陳雅婷
P113517679,劉思翰
V298478964,袁嘉祥
M193084533,黃志瑞
V243102504,林忠江
O140561326,黃真幸
Z201165728,陳國維
Q151626463,張秀善
X116853605,張雅芬
F125107604,蔣怡君
W297521995,蔡世迪
M113403061,李恆慈
V239603187,陳鎮宇
P125812394,吳明宜
M279362836,陳立星
P166191216,蔡承任
O172060125,張奕辰
I138501033,林淑珊
J141545563,沈志豪
A121252541,楊沛寶
A211669429,張郁婷
U227828593,陳逸辰
U126700585,趙瑋婷
Y279558804,黃維林
R113777677,高少軍
V180307650,趙家瑋
H268090497,林文恬
S283453685,吳志夢
A267740900,黃志嘉
Y295084765,王乃聖
M222869355,劉俊宏
O103595537,潘嘉豪
X167608985,邱美為
F293085733,吳世偉
P176280104,賴守白
I185751438,施展蓮
X106440203,童嘉吟
R295370654,蔡火鴻
C152951562,唐韻如
C234785722,許鈺婷
J162312859,王俊廷
F120314449,黃惠杰
T111770921,林美惠
I183203564,林怡忠
G175188089,林欣臻
F278304488,賴素韻
N207826739,盧為雅
O260422304,李嘉豪
F234673220,徐淑真
D224402388,楊淑筠
R234210179,林紋全
F297091915,林孟宣
E283561556,郭意冰
X155859927,吳泓榮
M243112664,陳卉聖
U125865461,李宇軒
F146889718,夏志茂
X118621923,吳志以
T264453095,芮凱亦
F215944106,黃曉薇
C244010803,黃建志
A230336614,陳紫信
R121463557,李佳玲
J167651842,李美陽
A190116538,王辰源
P116772270,林雅如
W221339787,王郁婷
L237203644,明佳穎
R161945725,沈孟穎
A242275993,方乃文
Y249791720,唐怡萱
M129460036,張景霖
J257626820,陳智雲
D120175726,謝佳儒
I211467543,趙明憲
Q248529528,趙家宏
O226424588,鄭怡君
L137796606,蔣崇愛
G152945264,趙俐然
S194449328,蘇晉倫
I110993284,丁奕君
P265547645,王建娥
B292978799,祖明倫
R265515314,許美惠
Z225097183,楊淑筠
S204952076,林冠音
R114795580,劉思翰
W289511396,李怡妮
V133409414,林家瑜
S133704788,吳思妤
I277282122,林筱舜
B214320984,許家旺
L284264686,謝旻斌
Y168175931,賴慧玲
C216757060,沈孟穎
N283781939,阮建宏
E294378138,王文豪
H291189347,蘇佳慧
P135911153,郭雅萍
A109856358,蔡志軍
V268869135,張雅竹
C236558063,郭家榮
C279826097,謝婉君
B126170910,葉佩琪
Q242485518,蔣雅萍
L137403473,吳志夢
V272561160,黃麗利
A138327526,劉世昌
L174722768,謝佩聖
X270449518,鄭瑋倫
G221285548,蕭杰
J131700785,顏石廷
K210848998,楊興賢
P299833114,潘安枝
A152829956,羅昕哲
R190631043,吳湖依
O102535564,袁雅婷
N239889984,黃千怡
K212197332,吳翰恬
R185585838,陳思涵
F126708927,林俊賢
B104475578,許文福
N136855813,曾珮君
S158711270,黃柏昆
T244602010,林乃蓉
G103999976,張馨儀
Y139295013,陳婉婷
J235438666,李淑春
H173768651,曾祥丹
A224081331,周怡康
D281793951,連雯馨
B177195934,王佳純
L132724557,林怡忠
E156149391,王怡廷
W197855976,黃美亦
J132223643,李嘉哲
G149245808,黃上恬
B202240408,曾淑娟
W195863729,張上瑞
A205481204,白進辛
H120224960,陳欣怡
H169890613,謝原全
N108714487,陳綺琳
A252293921,李盈甄
D175369527,曾志祥
Z146544952,王妙群
G199599851,林珍孝
K256975923,陳群鳳
X298006799,謝佩惠
Y186394087,吳勇卿
V149413335,簡之駿
L286258088,朱裕仁
I233127619,張怡君
J226997705,劉家江
V145017480,鄭旭哲
B128796583,吳郁文
B213302704,黃世菱
H222590727,蔡世迪
J210371839,許淑君
U275806405,鄭歡珠
Y175017444,王雅俐
D160874388,吳浩昀
C134392252,侯彥智
J225508571,李千慧
Z182513891,許俊豪
U267942394,陳逸中
J270268077,陳哲榮
T198141584,盧瑜興
P121748080,阮品全
A149066472,胡宗霖
A180422190,張乃紋
J281667531,張智迪
J116118138,陳雨念
Y253885440,陳金勇
L158275853,李綺臻
L261098719,林志銘
X116494124,楊淑芳
V291511859,蔡雅雯
S116838427,趙其芷
S148517779,林俊榮
D226515459,劉瑋婷
Z265282728,謝志香
G236825241,陳瑩丞
N115707849,賴呈菱
G174703117,楊淑元
Y242720018,楊志勇
I273515764,謝依政
T186598706,胡儀英
V178599997,林美玲
R274403489,李雅芬
B206554789,潘安枝
K197395965,郭智強
O223236844,金哲嘉
H283097161,顏語侑
Z109409770,陳嘉雪
B298507561,阮建宏
M111328476,楊江銘
J279573775,張秀欣
K268503599,王筱玲
W295376312,周泰旺
W291979620,郭維富
M269025951,蔡士哲
Z251399096,楊琬希
B149646837,經仰依
Z256262558,張家全
O201307086,方昕宇
M248215955,陳建智
R133132594,黃惠瑜
B121763719,王俊傑
O224066006,翁緯坤
Y166189071,李立娟
H267692522,吳泓榮
O160883181,吳佩容
F152607599,魏先育
I244422456,支平勳
W112216322,王火慧
Z125283847,周介盛
W299858379,黃科桓
V229712937,陳虹汝
E123329254,吳宗霞
C120857188,謝威宇
X129509938,黃惠謙
V277258962,穆俊良
J185136660,蔡佩美
L229149748,郭佑柔
Q144362874,錢政宏
F263542636,杜國華
V114607347,李宛航
B260809694,馮美玲
G276239390,謝培倫
B173745394,楊昕冰
Q271889431,任欣怡
P167407955,柳麗卿
V128808647,楊苡麟
S283654173,林舒寶
Y131479991,黎博文
U119925241,陳文瑞
L188122383,陳守穎
O106731124,謝俞伯
B292588633,黃俊倩
K141508329,楊淑旺
E263526471,林士蓮
E110603223,井志智
L269653178,黃育德
M281744937,謝綠吉
F181561495,王立裕
H255485259,林恒善
I267916899,李惠睿
S200825952,劉祐瑜
A104520620,陳維倫
O189800853,李依婷
X169184308,張曉玲
A296300072,胡美惠
C104125029,林政泉
N279473915,許政達
Y128840584,黃嘉能
X139724385,彭家豪
Z115749623,郭世傑
O159802125,李建良
S265643743,李佳樺
Q295030510,葉菁秀
H186890788,楊美惠
W129695039,蔡淑敏
Z197820312,張志吉
Q195520302,李志偉
J259728587,李佩璇
S205706372,蔡怡如
L197257666,陸智傑
H208932152,陳政哲
K221311751,張大倩
D235379943,劉佳宇
A125539754,蔡秋萍
X209706004,吳志夢
S110294887,陳雅萍
I226191421,黃淑玲
Q241384496,陳綺琳
U157662761,王玉鳳
N289220186,吳家依
D201069689,劉為誠
I238865918,黃聖裕
X214102330,陳玉華
R277902907,吳鴻柔
C176534483,王秀玲
Z185223429,葉逸宜
P234941097,林建佩
M144886643,蔡淑敏
D184880459,游石富
G172703315,陳珮其
H130765389,蕭舒涵
T146650049,陳彥亦
W206516377,林雅惠
Z227016971,余孟富
Q269380852,金佩璇
Z102957862,李明吟
C294839803,黃峻仰
U142040217,洪均秀
Y241493807,黃志偉
E224611959,徐容菁
E189452705,李雅玲
G283572444,陳鎮宇
V275244942,林佩樺
V224056247,王文凱
E285117163,王佳玲
Y237947856,陳翊典
O271895868,陳信花
D222764125,鄭琬迪
B206221918,林柏斌
M146072996,林紋全
V183251619,陳怡潔
F173896863,賴瑋婷
T118471896,米憶鴻
E294144301,蔡依友
N287944325,鄧偉誠
O257121352,陳慧君
X292907000,張耀琦
Y129713684,莊怡禎
T164159367,黃胤芳
I143951296,黃靖純
K238429713,蔣文凱
C155905955,黃曉雯
J140103034,潘漢孝
A126856736,柳燕中
Q296190140,韓添娟
X225698436,黃語丹
L183369831,陳昱宜
S178237168,陳立辰
Q209519195,張雪寶
W102735856,王士傑
Y190584955,連冠傑
O238505418,劉佳宇
P152116447,許育昌
U230013542,陳育萱
Y108059470,陳惠文
G145160279,劉語仲
N226524590,李鈞美
H206535431,李嘉枝
P284958480,羅毅義
K294846912,林大珮
V219884597,郭雨以
Y140057547,袁雅玲
Z262520454,郭依火
X204702953,張蓉山
G216108178,林伯歡
F119069782,陳孟倫
I164835206,王玉婷
L275069628,王林君
I245933841,周韻如
W287610056,吳大伸
Q245751064,李思中
C150263578,吳勇卿
N214246492,林竣傑
Z259137687,懷祐泰
B202306965,鄭宇盛
I263076349,蕭俊毅
U127513773,許珮君
M175680699,施淑惠
Q192196680,張維源
F188969239,許惠愛
F196636329,陳威萱
Y207497469,林義民
G282278063,張宜靜
Q174988313,郭美君
N264474419,彭淑君
J291745391,王士傑
L140681892,柳麗卿
Q195198202,陳淑婷
G253103539,毛家豪
S253330722,王玉梅
X284163665,黃信霞
A110271987,方展能
J259773644,林政霞
Y125725302,陳俊緯
